time_us,time_dif_us,data_type,value_1,value_2,value_3,value_4
475734427.0,2984.0,0.0,0.5,-0.14,-0.35,0
475742443.0,8016.0,1.0,0.7,-0.61,0.31,-0.22
475745427.0,2984.0,0.0,0.38,-0.35,-0.39,0
475751443.0,6016.0,1.0,0.7,-0.61,0.31,-0.21
475754427.0,2984.0,0.0,0.0,-0.26,-0.25,0
475761443.0,7016.0,1.0,0.7,-0.61,0.31,-0.21
475764427.0,2984.0,0.0,-0.15,-0.59,0.0,0
475771443.0,7016.0,1.0,0.69,-0.61,0.31,-0.21
475775427.0,3984.0,0.0,0.05,-0.6,0.02,0
475782443.0,7016.0,1.0,0.69,-0.62,0.31,-0.21
475785427.0,2984.0,0.0,0.24,-0.59,0.01,0
475791443.0,6016.0,1.0,0.69,-0.62,0.31,-0.21
475794427.0,2984.0,0.0,0.84,-0.95,0.12,0
475807443.0,13016.0,1.0,0.69,-0.62,0.31,-0.21
475812443.0,5000.0,1.0,0.69,-0.62,0.32,-0.2
475815427.0,2984.0,0.0,1.42,-0.85,-0.5,0
475821443.0,6016.0,1.0,0.69,-0.62,0.32,-0.2
475824427.0,2984.0,0.0,1.49,-0.83,-0.58,0
475831443.0,7016.0,1.0,0.68,-0.63,0.32,-0.2
475834427.0,2984.0,0.0,1.21,-0.59,-0.87,0
475841443.0,7016.0,1.0,0.68,-0.63,0.32,-0.2
475844427.0,2984.0,0.0,0.98,-0.42,-0.77,0
475851443.0,7016.0,1.0,0.68,-0.63,0.32,-0.19
475855427.0,3984.0,0.0,0.74,-0.54,-0.82,0
475861443.0,6016.0,1.0,0.68,-0.63,0.32,-0.19
475864427.0,2984.0,0.0,0.51,-0.18,-0.92,0
475871443.0,7016.0,1.0,0.68,-0.63,0.32,-0.19
475874427.0,2984.0,0.0,0.54,-0.63,-0.71,0
475881443.0,7016.0,1.0,0.68,-0.63,0.32,-0.19
475884427.0,2984.0,0.0,0.53,-0.47,-0.62,0
475891443.0,7016.0,1.0,0.67,-0.64,0.33,-0.19
475894427.0,2984.0,0.0,0.29,-0.19,-0.37,0
475901443.0,7016.0,1.0,0.67,-0.64,0.33,-0.18
475904427.0,2984.0,0.0,0.05,-0.26,-0.43,0
475911443.0,7016.0,1.0,0.67,-0.64,0.33,-0.18
475914427.0,2984.0,0.0,-0.26,-0.1,-0.44,0
475921443.0,7016.0,1.0,0.67,-0.64,0.33,-0.18
475924427.0,2984.0,0.0,-0.39,0.02,-0.73,0
475932443.0,8016.0,1.0,0.67,-0.64,0.33,-0.18
475935427.0,2984.0,0.0,-0.44,0.45,-0.79,0
475941443.0,6016.0,1.0,0.67,-0.64,0.33,-0.17
475944427.0,2984.0,0.0,-0.41,0.38,-0.78,0
475951443.0,7016.0,1.0,0.67,-0.64,0.34,-0.17
475954427.0,2984.0,0.0,-0.27,0.26,-0.15,0
475961443.0,7016.0,1.0,0.66,-0.65,0.34,-0.17
475964427.0,2984.0,0.0,-0.13,0.08,0.18,0
475972443.0,8016.0,1.0,0.66,-0.65,0.34,-0.17
475975427.0,2984.0,0.0,-0.14,-0.04,0.38,0
475981443.0,6016.0,1.0,0.66,-0.65,0.34,-0.17
475984427.0,2984.0,0.0,-0.12,-0.14,0.55,0
475991443.0,7016.0,1.0,0.66,-0.65,0.34,-0.16
475994427.0,2984.0,0.0,-0.09,-0.18,0.5,0
476001443.0,7016.0,1.0,0.66,-0.65,0.35,-0.16
476004427.0,2984.0,0.0,-0.07,-0.22,0.32,0
476012443.0,8016.0,1.0,0.66,-0.65,0.35,-0.16
476015427.0,2984.0,0.0,-0.13,-0.23,0.15,0
476021443.0,6016.0,1.0,0.65,-0.65,0.35,-0.16
476024427.0,2984.0,0.0,-0.45,-0.41,0.1,0
476031443.0,7016.0,1.0,0.65,-0.65,0.35,-0.16
476034427.0,2984.0,0.0,-0.5,-0.41,-0.03,0
476041443.0,7016.0,1.0,0.65,-0.65,0.36,-0.15
476044427.0,2984.0,0.0,-0.68,-0.41,-0.17,0
476052443.0,8016.0,1.0,0.65,-0.65,0.36,-0.15
476055427.0,2984.0,0.0,-0.62,-0.34,-0.18,0
476061443.0,6016.0,1.0,0.65,-0.66,0.36,-0.15
476064427.0,2984.0,0.0,-0.45,-0.11,-0.12,0
476071443.0,7016.0,1.0,0.64,-0.66,0.36,-0.15
476074427.0,2984.0,0.0,-0.31,-0.07,-0.02,0
476084443.0,10016.0,1.0,0.64,-0.66,0.37,-0.15
476087427.0,2984.0,0.0,-0.18,-0.37,0.0,0
476094443.0,7016.0,1.0,0.64,-0.66,0.37,-0.14
476097427.0,2984.0,0.0,-0.23,-0.25,0.11,0
476101443.0,4016.0,1.0,0.64,-0.66,0.37,-0.14
476104427.0,2984.0,0.0,-0.22,-0.25,-0.07,0
476111443.0,7016.0,1.0,0.64,-0.66,0.37,-0.14
476114427.0,2984.0,0.0,-0.35,-0.05,-0.3,0
476121443.0,7016.0,1.0,0.63,-0.66,0.38,-0.14
476124427.0,2984.0,0.0,-0.52,-0.01,-0.39,0
476132443.0,8016.0,1.0,0.63,-0.66,0.38,-0.14
476135427.0,2984.0,0.0,-0.58,0.16,-0.5,0
476141443.0,6016.0,1.0,0.63,-0.66,0.38,-0.14
476144427.0,2984.0,0.0,-0.37,0.39,-0.21,0
476152443.0,8016.0,1.0,0.63,-0.67,0.38,-0.13
476156427.0,3984.0,0.0,-0.28,0.29,0.08,0
476162443.0,6016.0,1.0,0.62,-0.67,0.38,-0.13
476165427.0,2984.0,0.0,-0.07,0.3,0.06,0
476172443.0,7016.0,1.0,0.62,-0.67,0.39,-0.13
476175427.0,2984.0,0.0,-0.16,0.16,-0.07,0
476181443.0,6016.0,1.0,0.62,-0.67,0.39,-0.13
476184427.0,2984.0,0.0,-0.27,0.09,-0.08,0
476192443.0,8016.0,1.0,0.62,-0.67,0.39,-0.13
476196427.0,3984.0,0.0,-0.25,-0.01,0.06,0
476202443.0,6016.0,1.0,0.62,-0.67,0.39,-0.12
476205427.0,2984.0,0.0,-0.2,-0.07,0.04,0
476211443.0,6016.0,1.0,0.61,-0.67,0.39,-0.12
476214427.0,2984.0,0.0,-0.06,-0.02,0.01,0
476221443.0,7016.0,1.0,0.61,-0.67,0.4,-0.12
476224427.0,2984.0,0.0,0.11,0.19,0.07,0
476232443.0,8016.0,1.0,0.61,-0.68,0.4,-0.12
476235427.0,2984.0,0.0,0.16,-0.09,0.25,0
476242443.0,7016.0,1.0,0.61,-0.68,0.4,-0.12
476245427.0,2984.0,0.0,0.21,-0.03,0.39,0
476251443.0,6016.0,1.0,0.6,-0.68,0.4,-0.12
476254427.0,2984.0,0.0,-0.22,0.02,0.14,0
476262443.0,8016.0,1.0,0.6,-0.68,0.4,-0.11
476265427.0,2984.0,0.0,-0.52,0.08,-0.14,0
476272443.0,7016.0,1.0,0.6,-0.68,0.4,-0.11
476275427.0,2984.0,0.0,-0.77,0.11,-0.35,0
476282443.0,7016.0,1.0,0.6,-0.68,0.41,-0.11
476285427.0,2984.0,0.0,-1.21,0.13,-0.29,0
476292443.0,7016.0,1.0,0.6,-0.68,0.41,-0.11
476295427.0,2984.0,0.0,-0.85,0.42,-0.54,0
476302443.0,7016.0,1.0,0.59,-0.69,0.41,-0.11
476305427.0,2984.0,0.0,-0.64,0.82,-0.71,0
476312443.0,7016.0,1.0,0.59,-0.69,0.41,-0.11
476315427.0,2984.0,0.0,-0.05,0.96,-0.7,0
476322443.0,7016.0,1.0,0.59,-0.69,0.41,-0.11
476325427.0,2984.0,0.0,0.04,0.92,-0.57,0
476332443.0,7016.0,1.0,0.59,-0.69,0.41,-0.1
476335427.0,2984.0,0.0,0.46,0.25,0.1,0
476342443.0,7016.0,1.0,0.58,-0.69,0.41,-0.1
476345427.0,2984.0,0.0,0.56,-0.04,-0.07,0
476352443.0,7016.0,1.0,0.58,-0.69,0.41,-0.1
476355427.0,2984.0,0.0,0.2,-0.2,0.3,0
476361443.0,6016.0,1.0,0.58,-0.69,0.42,-0.1
476364427.0,2984.0,0.0,0.13,-0.3,0.16,0
476375443.0,11016.0,1.0,0.58,-0.69,0.42,-0.1
476378427.0,2984.0,0.0,-0.32,-0.04,-0.02,0
476382443.0,4016.0,1.0,0.57,-0.7,0.42,-0.1
476385427.0,2984.0,0.0,-0.43,-0.01,0.13,0
476392443.0,7016.0,1.0,0.57,-0.7,0.42,-0.1
476395427.0,2984.0,0.0,-0.64,-0.14,-0.23,0
476401443.0,6016.0,1.0,0.57,-0.7,0.42,-0.1
476404427.0,2984.0,0.0,-1.05,0.2,-0.52,0
476412443.0,8016.0,1.0,0.57,-0.7,0.42,-0.09
476415427.0,2984.0,0.0,-1.19,0.45,-0.74,0
476422443.0,7016.0,1.0,0.56,-0.7,0.43,-0.09
476425427.0,2984.0,0.0,-0.91,0.75,-0.64,0
476432443.0,7016.0,1.0,0.56,-0.7,0.43,-0.09
476435427.0,2984.0,0.0,-0.78,1.16,-0.54,0
476441443.0,6016.0,1.0,0.56,-0.7,0.43,-0.09
476444427.0,2984.0,0.0,-0.23,0.57,0.0,0
476452443.0,8016.0,1.0,0.56,-0.7,0.43,-0.09
476455427.0,2984.0,0.0,-0.02,0.72,-0.1,0
476462443.0,7016.0,1.0,0.56,-0.71,0.43,-0.09
476465427.0,2984.0,0.0,0.06,0.1,0.1,0
476472443.0,7016.0,1.0,0.55,-0.71,0.43,-0.09
476475427.0,2984.0,0.0,0.04,0.47,-0.15,0
476482443.0,7016.0,1.0,0.55,-0.71,0.43,-0.08
476485427.0,2984.0,0.0,0.2,0.41,-0.33,0
476492443.0,7016.0,1.0,0.55,-0.71,0.43,-0.08
476496427.0,3984.0,0.0,0.18,0.4,-0.63,0
476502443.0,6016.0,1.0,0.55,-0.71,0.43,-0.08
476505427.0,2984.0,0.0,-0.03,0.7,-0.75,0
476512443.0,7016.0,1.0,0.55,-0.71,0.43,-0.08
476515427.0,2984.0,0.0,-0.25,0.57,-0.96,0
476522443.0,7016.0,1.0,0.54,-0.71,0.43,-0.08
476525427.0,2984.0,0.0,-0.46,0.76,-1.23,0
476532443.0,7016.0,1.0,0.54,-0.72,0.43,-0.08
476536427.0,3984.0,0.0,-0.52,1.09,-0.96,0
476542443.0,6016.0,1.0,0.54,-0.72,0.43,-0.07
476545427.0,2984.0,0.0,-0.7,0.02,-0.96,0
476552443.0,7016.0,1.0,0.54,-0.72,0.43,-0.07
476555427.0,2984.0,0.0,-1.22,0.54,-0.81,0
476562443.0,7016.0,1.0,0.54,-0.72,0.43,-0.07
476565427.0,2984.0,0.0,-1.67,-0.05,-0.54,0
476572443.0,7016.0,1.0,0.54,-0.72,0.44,-0.07
476576427.0,3984.0,0.0,-2.15,0.01,-0.55,0
476582443.0,6016.0,1.0,0.54,-0.72,0.44,-0.07
476585427.0,2984.0,0.0,-2.9,0.14,-0.4,0
476592443.0,7016.0,1.0,0.53,-0.72,0.44,-0.06
476595427.0,2984.0,0.0,-4.11,-0.01,0.01,0
476602443.0,7016.0,1.0,0.53,-0.72,0.44,-0.06
476605427.0,2984.0,0.0,-4.71,-0.31,0.34,0
476612443.0,7016.0,1.0,0.53,-0.72,0.44,-0.06
476616427.0,3984.0,0.0,-5.17,-0.58,0.64,0
476622443.0,6016.0,1.0,0.53,-0.72,0.44,-0.06
476625427.0,2984.0,0.0,-5.66,-0.59,1.06,0
476631443.0,6016.0,1.0,0.53,-0.72,0.44,-0.06
476634427.0,2984.0,0.0,-6.54,-0.44,1.75,0
476642443.0,8016.0,1.0,0.53,-0.72,0.45,-0.05
476645427.0,2984.0,0.0,-7.0,-0.31,2.17,0
476652443.0,7016.0,1.0,0.52,-0.72,0.45,-0.05
476655427.0,2984.0,0.0,-7.56,-0.68,2.48,0
476664443.0,9016.0,1.0,0.52,-0.72,0.46,-0.05
476667427.0,2984.0,0.0,-8.12,-1.2,2.74,0
476674443.0,7016.0,1.0,0.52,-0.71,0.47,-0.05
476677427.0,2984.0,0.0,-8.67,-1.48,2.5,0
476681443.0,4016.0,1.0,0.51,-0.71,0.48,-0.05
476684427.0,2984.0,0.0,-8.98,-1.42,2.44,0
476692443.0,8016.0,1.0,0.51,-0.71,0.49,-0.05
476695427.0,2984.0,0.0,-9.19,-0.81,1.98,0
476702443.0,7016.0,1.0,0.5,-0.7,0.5,-0.05
476705427.0,2984.0,0.0,-9.27,0.61,1.11,0
476712443.0,7016.0,1.0,0.49,-0.7,0.52,-0.06
476715427.0,2984.0,0.0,-9.25,3.19,-1.22,0
476722443.0,7016.0,1.0,0.49,-0.69,0.53,-0.06
476725427.0,2984.0,0.0,-9.3,4.49,-2.21,0
476732443.0,7016.0,1.0,0.48,-0.68,0.55,-0.06
476735427.0,2984.0,0.0,-9.28,5.55,-3.0,0
476742443.0,7016.0,1.0,0.48,-0.68,0.56,-0.06
476745427.0,2984.0,0.0,-8.87,6.86,-4.59,0
476752443.0,7016.0,1.0,0.47,-0.67,0.57,-0.06
476755427.0,2984.0,0.0,-8.42,6.57,-4.62,0
476765443.0,10016.0,1.0,0.47,-0.66,0.58,-0.06
476768427.0,2984.0,0.0,-7.7,6.02,-4.99,0
476775443.0,7016.0,1.0,0.47,-0.65,0.59,-0.05
476778427.0,2984.0,0.0,-7.03,4.82,-5.14,0
476782443.0,4016.0,1.0,0.48,-0.64,0.6,-0.05
476785427.0,2984.0,0.0,-5.97,3.82,-4.63,0
476792443.0,7016.0,1.0,0.48,-0.64,0.6,-0.04
476795427.0,2984.0,0.0,-5.17,3.0,-4.6,0
476802443.0,7016.0,1.0,0.48,-0.63,0.61,-0.04
476805427.0,2984.0,0.0,-4.31,1.5,-4.54,0
476812443.0,7016.0,1.0,0.49,-0.62,0.62,-0.03
476815427.0,2984.0,0.0,-3.51,-1.39,-4.08,0
476821443.0,6016.0,1.0,0.49,-0.61,0.62,-0.03
476824427.0,2984.0,0.0,-1.79,-1.0,-2.57,0
476832443.0,8016.0,1.0,0.49,-0.6,0.63,-0.03
476835427.0,2984.0,0.0,-0.65,1.53,-3.71,0
476842443.0,7016.0,1.0,0.49,-0.59,0.64,-0.02
476845427.0,2984.0,0.0,0.27,2.9,-4.57,0
476852443.0,7016.0,1.0,0.49,-0.58,0.65,-0.02
476855427.0,2984.0,0.0,1.23,3.57,-5.35,0
476867443.0,12016.0,1.0,0.5,-0.57,0.65,-0.02
476871427.0,3984.0,0.0,3.14,3.26,-5.02,0
476874443.0,3016.0,1.0,0.5,-0.57,0.65,-0.02
476877427.0,2984.0,0.0,3.09,3.08,-5.16,0
476882443.0,5016.0,1.0,0.51,-0.55,0.65,-0.01
476885427.0,2984.0,0.0,3.52,2.95,-5.13,0
476892443.0,7016.0,1.0,0.53,-0.54,0.65,-0.01
476895427.0,2984.0,0.0,3.73,2.3,-4.5,0
476902443.0,7016.0,1.0,0.54,-0.53,0.65,-0.0
476905427.0,2984.0,0.0,5.12,1.33,-2.68,0
476912443.0,7016.0,1.0,0.56,-0.52,0.64,-0.0
476915427.0,2984.0,0.0,6.17,0.23,-2.27,0
476922443.0,7016.0,1.0,0.58,-0.51,0.64,0.0
476925427.0,2984.0,0.0,7.43,-0.66,-1.82,0
476932443.0,7016.0,1.0,0.59,-0.5,0.63,0.0
476935427.0,2984.0,0.0,9.47,-2.02,-1.32,0
476948443.0,13016.0,1.0,0.61,-0.49,0.62,0.0
476953443.0,5000.0,1.0,0.63,-0.48,0.61,-0.0
476956427.0,2984.0,0.0,10.69,-2.66,-2.05,0
476962443.0,6016.0,1.0,0.65,-0.47,0.6,-0.0
476965427.0,2984.0,0.0,11.12,-2.95,-2.2,0
476972443.0,7016.0,1.0,0.67,-0.45,0.59,-0.01
476975427.0,2984.0,0.0,11.61,-3.17,-1.2,0
476982443.0,7016.0,1.0,0.68,-0.44,0.58,-0.02
476985427.0,2984.0,0.0,11.95,-3.32,-0.96,0
476992443.0,7016.0,1.0,0.7,-0.43,0.57,-0.02
476995427.0,2984.0,0.0,12.06,-3.46,-1.37,0
477004443.0,9016.0,1.0,0.71,-0.42,0.56,-0.03
477007427.0,2984.0,0.0,12.29,-3.9,-1.14,0
477014443.0,7016.0,1.0,0.73,-0.41,0.55,-0.04
477017427.0,2984.0,0.0,12.08,-4.05,-1.11,0
477022443.0,5016.0,1.0,0.74,-0.4,0.54,-0.05
477025427.0,2984.0,0.0,11.72,-4.27,-0.98,0
477032443.0,7016.0,1.0,0.75,-0.39,0.52,-0.06
477035427.0,2984.0,0.0,10.82,-4.38,-0.71,0
477044443.0,9016.0,1.0,0.77,-0.38,0.51,-0.07
477047427.0,2984.0,0.0,9.68,-4.49,-0.17,0
477055443.0,8016.0,1.0,0.78,-0.37,0.5,-0.09
477058427.0,2984.0,0.0,6.8,-5.46,1.07,0
477062443.0,4016.0,1.0,0.79,-0.37,0.49,-0.1
477065427.0,2984.0,0.0,5.22,-5.99,1.09,0
477072443.0,7016.0,1.0,0.8,-0.36,0.48,-0.11
477075427.0,2984.0,0.0,3.99,-6.15,1.07,0
477082443.0,7016.0,1.0,0.8,-0.35,0.47,-0.12
477085427.0,2984.0,0.0,2.97,-5.78,0.91,0
477092443.0,7016.0,1.0,0.81,-0.35,0.46,-0.13
477095427.0,2984.0,0.0,1.88,-4.41,1.1,0
477102443.0,7016.0,1.0,0.81,-0.34,0.45,-0.14
477105427.0,2984.0,0.0,1.88,-3.59,0.88,0
477112443.0,7016.0,1.0,0.82,-0.34,0.44,-0.15
477115427.0,2984.0,0.0,2.09,-3.18,0.67,0
477124443.0,9016.0,1.0,0.82,-0.33,0.43,-0.16
477127427.0,2984.0,0.0,2.55,-2.89,0.26,0
477135443.0,8016.0,1.0,0.83,-0.33,0.42,-0.17
477138427.0,2984.0,0.0,3.25,-3.99,1.12,0
477142443.0,4016.0,1.0,0.83,-0.32,0.41,-0.18
477145427.0,2984.0,0.0,3.88,-4.14,0.72,0
477152443.0,7016.0,1.0,0.84,-0.32,0.41,-0.18
477155427.0,2984.0,0.0,4.14,-4.46,0.91,0
477162443.0,7016.0,1.0,0.84,-0.32,0.4,-0.19
477165427.0,2984.0,0.0,4.48,-4.0,1.48,0
477172443.0,7016.0,1.0,0.84,-0.31,0.39,-0.2
477175427.0,2984.0,0.0,4.39,-3.42,1.59,0
477182443.0,7016.0,1.0,0.85,-0.31,0.38,-0.21
477185427.0,2984.0,0.0,4.5,-2.56,1.27,0
477192443.0,7016.0,1.0,0.85,-0.31,0.38,-0.21
477195427.0,2984.0,0.0,4.22,-1.98,1.38,0
477202443.0,7016.0,1.0,0.85,-0.31,0.37,-0.22
477205427.0,2984.0,0.0,3.9,-2.37,1.16,0
477212443.0,7016.0,1.0,0.85,-0.3,0.36,-0.22
477215427.0,2984.0,0.0,3.7,-3.01,0.62,0
477225443.0,10016.0,1.0,0.85,-0.3,0.36,-0.23
477228427.0,2984.0,0.0,3.04,-3.27,0.52,0
477235443.0,7016.0,1.0,0.85,-0.3,0.35,-0.23
477238427.0,2984.0,0.0,2.64,-3.27,0.42,0
477242443.0,4016.0,1.0,0.86,-0.3,0.35,-0.24
477245427.0,2984.0,0.0,2.25,-2.4,0.04,0
477252443.0,7016.0,1.0,0.86,-0.3,0.34,-0.24
477255427.0,2984.0,0.0,2.33,-1.51,0.06,0
477262443.0,7016.0,1.0,0.86,-0.3,0.34,-0.24
477265427.0,2984.0,0.0,2.71,-0.96,0.31,0
477272443.0,7016.0,1.0,0.86,-0.3,0.33,-0.25
477275427.0,2984.0,0.0,3.14,-0.3,0.29,0
477282443.0,7016.0,1.0,0.86,-0.3,0.33,-0.25
477285427.0,2984.0,0.0,3.18,-0.4,0.52,0
477292443.0,7016.0,1.0,0.86,-0.3,0.33,-0.25
477295427.0,2984.0,0.0,2.8,-0.04,0.62,0
477302443.0,7016.0,1.0,0.86,-0.3,0.32,-0.26
477305427.0,2984.0,0.0,2.31,-0.09,0.91,0
477312443.0,7016.0,1.0,0.86,-0.31,0.31,-0.26
477315427.0,2984.0,0.0,2.28,-0.67,0.9,0
477322443.0,7016.0,1.0,0.86,-0.31,0.31,-0.26
477325427.0,2984.0,0.0,1.38,-0.8,-0.05,0
477332443.0,7016.0,1.0,0.86,-0.31,0.31,-0.26
477335427.0,2984.0,0.0,1.51,-0.81,0.04,0
477342443.0,7016.0,1.0,0.86,-0.31,0.3,-0.26
477345427.0,2984.0,0.0,1.45,-0.73,-0.32,0
477352443.0,7016.0,1.0,0.86,-0.31,0.3,-0.27
477355427.0,2984.0,0.0,1.87,-0.54,-0.52,0
477362443.0,7016.0,1.0,0.86,-0.32,0.3,-0.27
477365427.0,2984.0,0.0,2.2,-0.55,-0.29,0
477372443.0,7016.0,1.0,0.86,-0.32,0.29,-0.27
477375427.0,2984.0,0.0,2.46,-0.57,-0.13,0
477382443.0,7016.0,1.0,0.86,-0.32,0.29,-0.27
477385427.0,2984.0,0.0,2.6,-0.56,-0.19,0
477392443.0,7016.0,1.0,0.86,-0.32,0.29,-0.27
477395427.0,2984.0,0.0,2.47,-0.66,-0.78,0
477402443.0,7016.0,1.0,0.86,-0.33,0.29,-0.27
477405427.0,2984.0,0.0,2.08,-0.2,-1.33,0
477412443.0,7016.0,1.0,0.86,-0.33,0.29,-0.28
477416427.0,3984.0,0.0,1.61,-0.2,-1.19,0
477422443.0,6016.0,1.0,0.85,-0.33,0.29,-0.28
477425427.0,2984.0,0.0,1.57,-0.53,-1.46,0
477432443.0,7016.0,1.0,0.85,-0.33,0.29,-0.28
477435427.0,2984.0,0.0,1.75,-0.33,-1.71,0
477448443.0,13016.0,1.0,0.85,-0.34,0.29,-0.28
477453443.0,5000.0,1.0,0.85,-0.34,0.29,-0.28
477456427.0,2984.0,0.0,1.66,-0.51,-1.66,0
477462443.0,6016.0,1.0,0.85,-0.34,0.28,-0.28
477465427.0,2984.0,0.0,1.73,-0.46,-1.71,0
477472443.0,7016.0,1.0,0.85,-0.35,0.28,-0.28
477475427.0,2984.0,0.0,1.73,-0.79,-1.87,0
477482443.0,7016.0,1.0,0.85,-0.35,0.28,-0.28
477485427.0,2984.0,0.0,1.77,-1.36,-1.37,0
477492443.0,7016.0,1.0,0.85,-0.36,0.28,-0.28
477495427.0,2984.0,0.0,1.73,-0.93,-1.25,0
477502443.0,7016.0,1.0,0.85,-0.36,0.28,-0.28
477505427.0,2984.0,0.0,1.42,-1.82,-1.24,0
477512443.0,7016.0,1.0,0.84,-0.36,0.28,-0.28
477515427.0,2984.0,0.0,1.13,-1.26,-0.84,0
477522443.0,7016.0,1.0,0.84,-0.37,0.28,-0.28
477525427.0,2984.0,0.0,1.03,-1.92,-0.85,0
477533443.0,8016.0,1.0,0.84,-0.37,0.28,-0.28
477536427.0,2984.0,0.0,1.04,-1.29,-0.74,0
477542443.0,6016.0,1.0,0.84,-0.38,0.28,-0.28
477545427.0,2984.0,0.0,0.94,-1.2,-0.85,0
477552443.0,7016.0,1.0,0.84,-0.38,0.29,-0.28
477555427.0,2984.0,0.0,0.72,-0.77,-0.99,0
477562443.0,7016.0,1.0,0.83,-0.38,0.29,-0.28
477565427.0,2984.0,0.0,0.43,-1.98,-1.45,0
477573443.0,8016.0,1.0,0.83,-0.39,0.29,-0.28
477576427.0,2984.0,0.0,0.45,2.61,-1.95,0
477582443.0,6016.0,1.0,0.83,-0.39,0.29,-0.28
477585427.0,2984.0,0.0,-0.38,0.28,-2.41,0
477592443.0,7016.0,1.0,0.83,-0.4,0.29,-0.28
477595427.0,2984.0,0.0,-1.64,-0.62,-3.08,0
477602443.0,7016.0,1.0,0.83,-0.4,0.28,-0.27
477605427.0,2984.0,0.0,-1.1,2.1,-1.65,0
477613443.0,8016.0,1.0,0.82,-0.41,0.28,-0.27
477616427.0,2984.0,0.0,-0.57,2.07,-1.76,0
477622443.0,6016.0,1.0,0.82,-0.41,0.28,-0.27
477625427.0,2984.0,0.0,-1.49,2.32,-2.83,0
477632443.0,7016.0,1.0,0.82,-0.41,0.28,-0.27
477635427.0,2984.0,0.0,-2.72,1.86,-1.64,0
477642443.0,7016.0,1.0,0.82,-0.42,0.27,-0.27
477645427.0,2984.0,0.0,-3.22,2.21,-2.77,0
477653443.0,8016.0,1.0,0.82,-0.42,0.27,-0.27
477656427.0,2984.0,0.0,-3.77,2.16,-1.87,0
477668443.0,12016.0,1.0,0.82,-0.43,0.26,-0.27
477673443.0,5000.0,1.0,0.82,-0.43,0.26,-0.27
477676427.0,2984.0,0.0,-3.62,0.5,-0.42,0
477682443.0,6016.0,1.0,0.82,-0.44,0.25,-0.27
477685427.0,2984.0,0.0,-3.07,-0.5,0.74,0
477693443.0,8016.0,1.0,0.82,-0.44,0.25,-0.27
477696427.0,2984.0,0.0,-2.8,-1.26,1.12,0
477702443.0,6016.0,1.0,0.82,-0.44,0.24,-0.27
477705427.0,2984.0,0.0,-1.86,-2.79,2.26,0
477712443.0,7016.0,1.0,0.82,-0.45,0.24,-0.27
477715427.0,2984.0,0.0,-2.4,-2.68,2.09,0
477723443.0,8016.0,1.0,0.82,-0.45,0.24,-0.27
477726427.0,2984.0,0.0,-2.14,0.47,3.89,0
477732443.0,6016.0,1.0,0.82,-0.46,0.24,-0.27
477735427.0,2984.0,0.0,-1.14,-2.61,2.34,0
477742443.0,7016.0,1.0,0.81,-0.46,0.24,-0.26
477745427.0,2984.0,0.0,-1.71,-4.46,1.02,0
477752443.0,7016.0,1.0,0.81,-0.46,0.24,-0.26
477755427.0,2984.0,0.0,-1.48,-3.62,0.17,0
477763443.0,8016.0,1.0,0.81,-0.47,0.23,-0.26
477766427.0,2984.0,0.0,-2.32,-2.18,-0.75,0
477772443.0,6016.0,1.0,0.81,-0.47,0.23,-0.26
477775427.0,2984.0,0.0,-3.44,-1.16,-1.02,0
477782443.0,7016.0,1.0,0.81,-0.48,0.24,-0.26
477785427.0,2984.0,0.0,-2.29,-1.0,-0.3,0
477792443.0,7016.0,1.0,0.8,-0.48,0.24,-0.26
477795427.0,2984.0,0.0,-1.83,-0.6,-0.68,0
477802443.0,7016.0,1.0,0.8,-0.48,0.24,-0.26
477805427.0,2984.0,0.0,-1.59,-0.98,-0.48,0
477812443.0,7016.0,1.0,0.8,-0.49,0.24,-0.26
477815427.0,2984.0,0.0,-1.52,-0.99,-0.67,0
477822443.0,7016.0,1.0,0.8,-0.49,0.24,-0.26
477825427.0,2984.0,0.0,-1.9,-0.77,-1.6,0
477832443.0,7016.0,1.0,0.79,-0.49,0.25,-0.26
477836427.0,3984.0,0.0,-2.02,-0.22,-2.15,0
477842443.0,6016.0,1.0,0.79,-0.5,0.25,-0.26
477845427.0,2984.0,0.0,-2.06,1.67,-2.71,0
477855443.0,10016.0,1.0,0.79,-0.5,0.26,-0.26
477858427.0,2984.0,0.0,-1.79,2.54,-3.95,0
477862443.0,4016.0,1.0,0.78,-0.5,0.26,-0.26
477865427.0,2984.0,0.0,-1.68,2.25,-3.83,0
477872443.0,7016.0,1.0,0.78,-0.51,0.26,-0.26
477875427.0,2984.0,0.0,-1.41,2.45,-3.73,0
477883443.0,8016.0,1.0,0.78,-0.51,0.26,-0.26
477886427.0,2984.0,0.0,-0.91,2.31,-3.54,0
477892443.0,6016.0,1.0,0.77,-0.51,0.26,-0.26
477895427.0,2984.0,0.0,-0.23,1.6,-3.11,0
477902443.0,7016.0,1.0,0.77,-0.52,0.26,-0.26
477905427.0,2984.0,0.0,-0.4,1.71,-2.62,0
477913443.0,8016.0,1.0,0.77,-0.52,0.26,-0.26
477916427.0,2984.0,0.0,-0.45,1.39,-2.89,0
477923443.0,7016.0,1.0,0.77,-0.53,0.26,-0.26
477926427.0,2984.0,0.0,-1.07,2.23,-2.16,0
477933443.0,7016.0,1.0,0.77,-0.53,0.26,-0.25
477936427.0,2984.0,0.0,-1.35,1.34,-2.25,0
477942443.0,6016.0,1.0,0.77,-0.53,0.26,-0.25
477945427.0,2984.0,0.0,-1.25,1.51,-1.46,0
477953443.0,8016.0,1.0,0.76,-0.54,0.26,-0.25
477956427.0,2984.0,0.0,-1.46,1.65,-1.16,0
477962443.0,6016.0,1.0,0.76,-0.54,0.26,-0.25
477965427.0,2984.0,0.0,-1.24,-0.01,-1.36,0
477972443.0,7016.0,1.0,0.76,-0.54,0.26,-0.25
477975427.0,2984.0,0.0,-1.18,0.64,-1.4,0
477982443.0,7016.0,1.0,0.76,-0.55,0.26,-0.25
477985427.0,2984.0,0.0,-1.0,-0.58,-1.91,0
477993443.0,8016.0,1.0,0.76,-0.55,0.26,-0.25
477996427.0,2984.0,0.0,-1.05,-0.43,-1.29,0
478002443.0,6016.0,1.0,0.75,-0.55,0.26,-0.24
478005427.0,2984.0,0.0,-1.31,-1.71,-1.07,0
478012443.0,7016.0,1.0,0.75,-0.55,0.26,-0.24
478015427.0,2984.0,0.0,-1.6,-0.74,-1.0,0
478022443.0,7016.0,1.0,0.75,-0.56,0.26,-0.24
478025427.0,2984.0,0.0,-1.85,-1.45,-0.98,0
478033443.0,8016.0,1.0,0.75,-0.56,0.27,-0.24
478036427.0,2984.0,0.0,-1.91,-1.45,-1.14,0
478043443.0,7016.0,1.0,0.74,-0.56,0.27,-0.24
478046427.0,2984.0,0.0,-1.78,-1.14,-1.74,0
478053443.0,7016.0,1.0,0.74,-0.56,0.27,-0.24
478057427.0,3984.0,0.0,-1.34,-0.64,-1.89,0
478066443.0,9016.0,1.0,0.74,-0.56,0.28,-0.24
478069427.0,2984.0,0.0,-1.07,-0.52,-1.9,0
478076443.0,7016.0,1.0,0.74,-0.57,0.28,-0.24
478079427.0,2984.0,0.0,-0.94,-1.14,-1.54,0
478083443.0,4016.0,1.0,0.73,-0.57,0.29,-0.24
478086427.0,2984.0,0.0,-0.51,-0.9,-1.15,0
478093443.0,7016.0,1.0,0.73,-0.57,0.29,-0.24
478097427.0,3984.0,0.0,0.0,-1.07,-1.27,0
478103443.0,6016.0,1.0,0.73,-0.57,0.29,-0.24
478106427.0,2984.0,0.0,-0.1,-1.71,-1.46,0
478113443.0,7016.0,1.0,0.73,-0.57,0.29,-0.24
478116427.0,2984.0,0.0,0.21,-0.16,-1.69,0
478123443.0,7016.0,1.0,0.72,-0.58,0.3,-0.24
478126427.0,2984.0,0.0,0.19,0.07,-1.51,0
478133443.0,7016.0,1.0,0.72,-0.58,0.3,-0.24
478137427.0,3984.0,0.0,0.58,-0.01,-1.28,0
478143443.0,6016.0,1.0,0.72,-0.58,0.3,-0.23
478146427.0,2984.0,0.0,0.71,0.3,-1.18,0
478153443.0,7016.0,1.0,0.72,-0.58,0.3,-0.23
478156427.0,2984.0,0.0,0.03,0.08,-1.11,0
478163443.0,7016.0,1.0,0.72,-0.59,0.3,-0.23
478166427.0,2984.0,0.0,-0.57,0.1,-1.07,0
478173443.0,7016.0,1.0,0.71,-0.59,0.3,-0.23
478176427.0,2984.0,0.0,-1.06,0.04,-0.89,0
478183443.0,7016.0,1.0,0.71,-0.59,0.3,-0.23
478186427.0,2984.0,0.0,-1.2,-0.45,-0.63,0
478192443.0,6016.0,1.0,0.71,-0.6,0.3,-0.23
478195427.0,2984.0,0.0,-0.8,0.07,-0.34,0
478203443.0,8016.0,1.0,0.71,-0.6,0.29,-0.23
478206427.0,2984.0,0.0,-0.56,-0.37,-0.24,0
478213443.0,7016.0,1.0,0.71,-0.6,0.29,-0.23
478216427.0,2984.0,0.0,0.02,-0.25,-0.55,0
478223443.0,7016.0,1.0,0.71,-0.6,0.29,-0.22
478226427.0,2984.0,0.0,0.49,-0.62,-0.61,0
478232443.0,6016.0,1.0,0.7,-0.61,0.29,-0.22
478235427.0,2984.0,0.0,1.0,-0.8,-0.77,0
478243443.0,8016.0,1.0,0.7,-0.61,0.3,-0.22
478246427.0,2984.0,0.0,0.66,-0.72,-0.81,0
478253443.0,7016.0,1.0,0.7,-0.61,0.3,-0.22
478256427.0,2984.0,0.0,0.66,-0.71,-0.74,0
478263443.0,7016.0,1.0,0.7,-0.61,0.3,-0.22
478266427.0,2984.0,0.0,-0.75,-0.18,-0.79,0
478273443.0,7016.0,1.0,0.7,-0.62,0.3,-0.22
478276427.0,2984.0,0.0,-0.78,0.1,-0.95,0
478283443.0,7016.0,1.0,0.69,-0.62,0.3,-0.22
478286427.0,2984.0,0.0,-0.17,0.67,-1.42,0
478293443.0,7016.0,1.0,0.69,-0.62,0.3,-0.22
478296427.0,2984.0,0.0,0.02,-0.05,-0.93,0
478303443.0,7016.0,1.0,0.69,-0.62,0.3,-0.21
478306427.0,2984.0,0.0,-0.12,-0.32,-0.83,0
478313443.0,7016.0,1.0,0.69,-0.63,0.3,-0.21
478316427.0,2984.0,0.0,-1.2,-0.41,-0.41,0
478326443.0,10016.0,1.0,0.69,-0.63,0.3,-0.21
478329427.0,2984.0,0.0,-0.62,0.01,-0.13,0
478336443.0,7016.0,1.0,0.68,-0.63,0.3,-0.21
478339427.0,2984.0,0.0,-0.73,-0.03,0.14,0
478343443.0,4016.0,1.0,0.68,-0.63,0.3,-0.21
478346427.0,2984.0,0.0,-0.54,-0.35,-0.21,0
478353443.0,7016.0,1.0,0.68,-0.64,0.3,-0.21
478356427.0,2984.0,0.0,-0.38,-0.52,-0.49,0
478363443.0,7016.0,1.0,0.68,-0.64,0.3,-0.21
478366427.0,2984.0,0.0,-0.62,-0.68,-0.73,0
478373443.0,7016.0,1.0,0.68,-0.64,0.31,-0.2
478376427.0,2984.0,0.0,-1.0,-0.08,-0.62,0
478382443.0,6016.0,1.0,0.67,-0.64,0.31,-0.2
478385427.0,2984.0,0.0,-1.01,-0.09,-0.25,0
478393443.0,8016.0,1.0,0.67,-0.64,0.31,-0.2
478396427.0,2984.0,0.0,-0.59,-0.16,-0.15,0
478403443.0,7016.0,1.0,0.67,-0.65,0.31,-0.2
478406427.0,2984.0,0.0,-0.6,-0.51,-0.05,0
478413443.0,7016.0,1.0,0.67,-0.65,0.31,-0.2
478416427.0,2984.0,0.0,-0.26,-0.77,-0.05,0
478422443.0,6016.0,1.0,0.66,-0.65,0.31,-0.2
478425427.0,2984.0,0.0,0.12,-0.79,-0.21,0
478433443.0,8016.0,1.0,0.66,-0.65,0.31,-0.2
478436427.0,2984.0,0.0,0.57,-1.08,-0.19,0
478443443.0,7016.0,1.0,0.66,-0.65,0.32,-0.19
478446427.0,2984.0,0.0,0.88,-1.36,-0.0,0
478453443.0,7016.0,1.0,0.66,-0.65,0.32,-0.19
478456427.0,2984.0,0.0,1.09,-1.42,0.25,0
478463443.0,7016.0,1.0,0.66,-0.66,0.32,-0.19
478466427.0,2984.0,0.0,0.24,-1.22,0.1,0
478473443.0,7016.0,1.0,0.65,-0.66,0.32,-0.19
478476427.0,2984.0,0.0,-0.34,-0.86,-0.02,0
478483443.0,7016.0,1.0,0.65,-0.66,0.32,-0.19
478486427.0,2984.0,0.0,-0.77,-0.43,-0.14,0
478493443.0,7016.0,1.0,0.65,-0.66,0.33,-0.19
478496427.0,2984.0,0.0,-1.02,-0.07,-0.66,0
478503443.0,7016.0,1.0,0.65,-0.66,0.33,-0.18
478506427.0,2984.0,0.0,-0.45,-0.06,-0.86,0
478513443.0,7016.0,1.0,0.65,-0.66,0.33,-0.18
478516427.0,2984.0,0.0,0.22,-0.4,-0.41,0
478523443.0,7016.0,1.0,0.64,-0.67,0.33,-0.18
478526427.0,2984.0,0.0,0.43,-0.85,0.27,0
478533443.0,7016.0,1.0,0.64,-0.67,0.34,-0.18
478536427.0,2984.0,0.0,0.23,-0.72,0.45,0
478543443.0,7016.0,1.0,0.64,-0.67,0.34,-0.18
478546427.0,2984.0,0.0,-0.0,-0.72,0.44,0
478553443.0,7016.0,1.0,0.64,-0.67,0.34,-0.17
478557427.0,3984.0,0.0,-0.33,-0.79,0.32,0
478563443.0,6016.0,1.0,0.63,-0.67,0.34,-0.17
478566427.0,2984.0,0.0,-0.43,-0.94,0.0,0
478573443.0,7016.0,1.0,0.63,-0.67,0.34,-0.17
478576427.0,2984.0,0.0,-0.32,-0.06,-0.74,0
478589443.0,13016.0,1.0,0.63,-0.67,0.35,-0.17
478594443.0,5000.0,1.0,0.63,-0.68,0.35,-0.17
478597427.0,2984.0,0.0,-0.22,0.14,-0.76,0
478603443.0,6016.0,1.0,0.63,-0.68,0.35,-0.16
478606427.0,2984.0,0.0,0.3,-0.59,0.07,0
478612443.0,6016.0,1.0,0.62,-0.68,0.35,-0.16
478615427.0,2984.0,0.0,0.78,-1.35,1.02,0
478623443.0,8016.0,1.0,0.62,-0.68,0.36,-0.16
478626427.0,2984.0,0.0,0.79,-0.54,0.78,0
478633443.0,7016.0,1.0,0.62,-0.68,0.36,-0.16
478636427.0,2984.0,0.0,0.28,-0.65,0.62,0
478643443.0,7016.0,1.0,0.62,-0.68,0.36,-0.15
478646427.0,2984.0,0.0,-0.47,-0.23,0.07,0
478653443.0,7016.0,1.0,0.62,-0.68,0.36,-0.15
478656427.0,2984.0,0.0,-0.92,0.63,-0.5,0
478663443.0,7016.0,1.0,0.61,-0.68,0.36,-0.15
478666427.0,2984.0,0.0,-0.89,0.47,-0.49,0
478673443.0,7016.0,1.0,0.61,-0.69,0.37,-0.15
478676427.0,2984.0,0.0,-0.8,0.1,-0.46,0
478683443.0,7016.0,1.0,0.61,-0.69,0.37,-0.15
478686427.0,2984.0,0.0,-0.48,0.04,-0.01,0
478693443.0,7016.0,1.0,0.61,-0.69,0.37,-0.14
478696427.0,2984.0,0.0,0.26,-0.37,0.66,0
478703443.0,7016.0,1.0,0.6,-0.69,0.37,-0.14
478706427.0,2984.0,0.0,0.35,-0.25,0.5,0
478713443.0,7016.0,1.0,0.6,-0.69,0.38,-0.14
478716427.0,2984.0,0.0,0.32,0.04,0.3,0
478723443.0,7016.0,1.0,0.6,-0.69,0.38,-0.14
478726427.0,2984.0,0.0,-0.2,0.2,-0.66,0
478733443.0,7016.0,1.0,0.6,-0.69,0.38,-0.13
478736427.0,2984.0,0.0,-0.35,-0.04,-0.98,0
478743443.0,7016.0,1.0,0.59,-0.7,0.38,-0.13
478746427.0,2984.0,0.0,-0.29,0.29,-1.11,0
478753443.0,7016.0,1.0,0.59,-0.7,0.38,-0.13
478756427.0,2984.0,0.0,-0.29,0.18,-0.85,0
478763443.0,7016.0,1.0,0.59,-0.7,0.39,-0.13
478766427.0,2984.0,0.0,-0.32,0.3,0.36,0
478773443.0,7016.0,1.0,0.59,-0.7,0.39,-0.13
478776427.0,2984.0,0.0,-0.42,-0.12,1.04,0
478783443.0,7016.0,1.0,0.58,-0.7,0.39,-0.12
478786427.0,2984.0,0.0,-0.4,-0.88,1.41,0
478793443.0,7016.0,1.0,0.58,-0.7,0.39,-0.12
478796427.0,2984.0,0.0,-0.25,-0.38,1.5,0
478803443.0,7016.0,1.0,0.58,-0.7,0.4,-0.12
478806427.0,2984.0,0.0,-0.05,0.17,0.62,0
478813443.0,7016.0,1.0,0.58,-0.7,0.4,-0.12
478816427.0,2984.0,0.0,0.1,0.01,0.18,0
478823443.0,7016.0,1.0,0.57,-0.7,0.4,-0.11
478826427.0,2984.0,0.0,0.18,0.13,-0.02,0
478833443.0,7016.0,1.0,0.57,-0.71,0.4,-0.11
478836427.0,2984.0,0.0,0.19,0.48,-0.19,0
478848443.0,12016.0,1.0,0.57,-0.71,0.4,-0.11
478852427.0,3984.0,0.0,0.11,0.53,0.04,0
478855443.0,3016.0,1.0,0.57,-0.71,0.41,-0.11
478858427.0,2984.0,0.0,0.08,0.5,0.09,0
478863443.0,5016.0,1.0,0.56,-0.71,0.41,-0.11
478866427.0,2984.0,0.0,0.16,0.65,0.19,0
478873443.0,7016.0,1.0,0.56,-0.71,0.41,-0.1
478876427.0,2984.0,0.0,0.36,0.24,0.7,0
478883443.0,7016.0,1.0,0.56,-0.71,0.41,-0.1
478886427.0,2984.0,0.0,0.82,-0.88,0.73,0
478893443.0,7016.0,1.0,0.56,-0.71,0.41,-0.1
478896427.0,2984.0,0.0,0.78,-0.25,0.71,0
478903443.0,7016.0,1.0,0.55,-0.71,0.42,-0.1
478906427.0,2984.0,0.0,0.74,0.06,0.66,0
478913443.0,7016.0,1.0,0.55,-0.71,0.42,-0.09
478916427.0,2984.0,0.0,0.81,-0.09,0.46,0
478923443.0,7016.0,1.0,0.55,-0.72,0.42,-0.09
478926427.0,2984.0,0.0,0.81,-0.05,0.2,0
478933443.0,7016.0,1.0,0.55,-0.72,0.42,-0.09
478937427.0,3984.0,0.0,1.04,-0.04,0.04,0
478943443.0,6016.0,1.0,0.54,-0.72,0.42,-0.09
478946427.0,2984.0,0.0,1.07,0.08,-0.02,0
478953443.0,7016.0,1.0,0.54,-0.72,0.43,-0.08
478956427.0,2984.0,0.0,0.61,0.55,0.12,0
478963443.0,7016.0,1.0,0.54,-0.72,0.43,-0.08
478966427.0,2984.0,0.0,0.37,1.13,0.64,0
478973443.0,7016.0,1.0,0.54,-0.72,0.43,-0.08
478976427.0,2984.0,0.0,0.21,0.83,0.82,0
478983443.0,7016.0,1.0,0.53,-0.72,0.43,-0.07
478986427.0,2984.0,0.0,0.05,0.83,1.18,0
478993443.0,7016.0,1.0,0.53,-0.72,0.43,-0.07
478996427.0,2984.0,0.0,0.08,0.48,1.32,0
479003443.0,7016.0,1.0,0.53,-0.72,0.44,-0.07
479006427.0,2984.0,0.0,-0.21,0.93,1.54,0
479013443.0,7016.0,1.0,0.53,-0.73,0.44,-0.06
479016427.0,2984.0,0.0,-0.07,-0.04,0.02,0
479023443.0,7016.0,1.0,0.52,-0.73,0.44,-0.06
479026427.0,2984.0,0.0,0.18,0.3,0.7,0
479033443.0,7016.0,1.0,0.52,-0.73,0.44,-0.06
479036427.0,2984.0,0.0,-0.6,1.17,-0.58,0
479043443.0,7016.0,1.0,0.52,-0.73,0.45,-0.05
479046427.0,2984.0,0.0,-0.39,0.9,-1.13,0
479053443.0,7016.0,1.0,0.51,-0.73,0.45,-0.05
479056427.0,2984.0,0.0,-0.25,1.59,-0.49,0
479065443.0,9016.0,1.0,0.51,-0.73,0.45,-0.05
479068427.0,2984.0,0.0,-0.57,1.44,-0.47,0
479076443.0,8016.0,1.0,0.51,-0.73,0.45,-0.05
479079427.0,2984.0,0.0,-1.52,1.4,-0.06,0
479083443.0,4016.0,1.0,0.51,-0.73,0.46,-0.04
479086427.0,2984.0,0.0,-2.37,1.02,-0.07,0
479093443.0,7016.0,1.0,0.5,-0.73,0.46,-0.04
479096427.0,2984.0,0.0,-2.78,0.29,-0.27,0
479103443.0,7016.0,1.0,0.5,-0.73,0.46,-0.04
479106427.0,2984.0,0.0,-3.84,0.18,-0.98,0
479113443.0,7016.0,1.0,0.5,-0.73,0.47,-0.04
479116427.0,2984.0,0.0,-4.32,-0.47,-0.96,0
479123443.0,7016.0,1.0,0.49,-0.73,0.47,-0.03
479126427.0,2984.0,0.0,-4.53,-0.85,-0.86,0
479134443.0,8016.0,1.0,0.49,-0.73,0.47,-0.03
479137427.0,2984.0,0.0,-5.02,-0.89,-0.65,0
479143443.0,6016.0,1.0,0.49,-0.73,0.48,-0.03
479146427.0,2984.0,0.0,-6.04,-1.51,-0.09,0
479153443.0,7016.0,1.0,0.48,-0.73,0.48,-0.02
479156427.0,2984.0,0.0,-7.21,-1.83,0.41,0
479163443.0,7016.0,1.0,0.48,-0.73,0.48,-0.02
479166427.0,2984.0,0.0,-8.42,-1.97,0.78,0
479173443.0,7016.0,1.0,0.48,-0.73,0.49,-0.02
479176427.0,2984.0,0.0,-9.84,-1.68,1.36,0
479183443.0,7016.0,1.0,0.48,-0.73,0.49,-0.01
479186427.0,2984.0,0.0,-13.4,-2.01,2.14,0
479193443.0,7016.0,1.0,0.47,-0.73,0.5,-0.01
479196427.0,2984.0,0.0,-15.38,-1.47,2.32,0
479203443.0,7016.0,1.0,0.47,-0.73,0.5,-0.01
479206427.0,2984.0,0.0,-17.42,-1.34,2.4,0
479213443.0,7016.0,1.0,0.46,-0.72,0.51,-0.01
479216427.0,2984.0,0.0,-19.36,-1.12,2.42,0
479223443.0,7016.0,1.0,0.46,-0.72,0.53,-0.01
479226427.0,2984.0,0.0,-22.57,0.05,1.85,0
479233443.0,7016.0,1.0,0.45,-0.71,0.54,-0.01
479236427.0,2984.0,0.0,-23.38,2.28,0.46,0
479243443.0,7016.0,1.0,0.44,-0.71,0.56,-0.01
479246427.0,2984.0,0.0,-23.66,4.02,-1.16,0
479254443.0,8016.0,1.0,0.43,-0.7,0.57,-0.02
479257427.0,2984.0,0.0,-23.79,7.01,-2.95,0
479263443.0,6016.0,1.0,0.42,-0.69,0.59,-0.02
479266427.0,2984.0,0.0,-23.14,11.83,-8.5,0
479273443.0,7016.0,1.0,0.41,-0.68,0.61,-0.02
479276427.0,2984.0,0.0,-21.6,13.85,-10.6,0
479283443.0,7016.0,1.0,0.4,-0.67,0.62,-0.03
479286427.0,2984.0,0.0,-19.4,16.06,-12.52,0
479293443.0,7016.0,1.0,0.4,-0.66,0.63,-0.03
479296427.0,2984.0,0.0,-14.36,13.0,-16.21,0
479303443.0,7016.0,1.0,0.4,-0.65,0.64,-0.03
479306427.0,2984.0,0.0,-11.86,11.88,-16.95,0
479313443.0,7016.0,1.0,0.4,-0.64,0.65,-0.03
479316427.0,2984.0,0.0,-9.08,10.05,-17.98,0
479323443.0,7016.0,1.0,0.4,-0.63,0.66,-0.03
479326427.0,2984.0,0.0,-6.98,9.0,-17.87,0
479333443.0,7016.0,1.0,0.41,-0.62,0.67,-0.02
479336427.0,2984.0,0.0,-4.29,13.51,-16.16,0
479343443.0,7016.0,1.0,0.42,-0.61,0.67,-0.02
479346427.0,2984.0,0.0,-0.97,11.34,-17.92,0
479353443.0,7016.0,1.0,0.45,-0.59,0.67,-0.0
479356427.0,2984.0,0.0,4.81,4.42,-19.09,0
479365443.0,9016.0,1.0,0.47,-0.58,0.66,0.01
479368427.0,2984.0,0.0,11.97,-1.62,-19.21,0
479373443.0,5016.0,1.0,0.51,-0.56,0.65,0.02
479376427.0,2984.0,0.0,21.42,-10.63,-10.38,0
479383443.0,7016.0,1.0,0.54,-0.54,0.64,0.02
479386427.0,2984.0,0.0,23.83,-11.72,-5.61,0
479393443.0,7016.0,1.0,0.57,-0.53,0.63,0.02
479396427.0,2984.0,0.0,25.93,-12.7,-2.84,0
479403443.0,7016.0,1.0,0.59,-0.51,0.62,0.02
479406427.0,2984.0,0.0,27.24,-11.3,-1.3,0
479413443.0,7016.0,1.0,0.61,-0.5,0.61,0.02
479416427.0,2984.0,0.0,27.51,-7.25,-0.06,0
479426443.0,10016.0,1.0,0.64,-0.48,0.6,0.01
479429427.0,2984.0,0.0,26.44,-7.36,-0.98,0
479433443.0,4016.0,1.0,0.66,-0.46,0.59,-0.0
479436427.0,2984.0,0.0,24.52,-8.9,-2.45,0
479443443.0,7016.0,1.0,0.68,-0.45,0.58,-0.01
479446427.0,2984.0,0.0,22.94,-10.27,-3.4,0
479453443.0,7016.0,1.0,0.7,-0.44,0.56,-0.02
479456427.0,2984.0,0.0,19.44,-10.99,-3.18,0
479466443.0,10016.0,1.0,0.72,-0.42,0.55,-0.03
479469427.0,2984.0,0.0,16.92,-10.31,-3.16,0
479473443.0,4016.0,1.0,0.73,-0.41,0.54,-0.04
479476427.0,2984.0,0.0,14.39,-9.28,-2.98,0
479483443.0,7016.0,1.0,0.75,-0.4,0.53,-0.06
479486427.0,2984.0,0.0,11.55,-8.7,-2.48,0
479493443.0,7016.0,1.0,0.76,-0.39,0.51,-0.07
479496427.0,2984.0,0.0,6.46,-7.64,-0.41,0
479506443.0,10016.0,1.0,0.77,-0.38,0.5,-0.08
479509427.0,2984.0,0.0,4.75,-6.99,0.23,0
479513443.0,4016.0,1.0,0.78,-0.38,0.48,-0.09
479516427.0,2984.0,0.0,3.6,-6.86,0.95,0
479523443.0,7016.0,1.0,0.8,-0.37,0.47,-0.1
479526427.0,2984.0,0.0,3.45,-7.62,0.75,0
479533443.0,7016.0,1.0,0.81,-0.36,0.45,-0.11
479536427.0,2984.0,0.0,3.82,-8.39,0.33,0
479543443.0,7016.0,1.0,0.81,-0.36,0.44,-0.12
479546427.0,2984.0,0.0,4.54,-7.96,-0.31,0
479554443.0,8016.0,1.0,0.82,-0.35,0.43,-0.13
479557427.0,2984.0,0.0,4.82,-7.97,-0.12,0
479567443.0,10016.0,1.0,0.83,-0.35,0.42,-0.14
479570427.0,2984.0,0.0,5.29,-7.61,1.08,0
479574443.0,4016.0,1.0,0.83,-0.35,0.41,-0.14
479577427.0,2984.0,0.0,5.55,-5.96,1.2,0
479583443.0,6016.0,1.0,0.83,-0.34,0.4,-0.15
479586427.0,2984.0,0.0,5.55,-4.15,1.18,0
479594443.0,8016.0,1.0,0.84,-0.34,0.39,-0.16
479597427.0,2984.0,0.0,5.34,-2.84,1.14,0
479603443.0,6016.0,1.0,0.84,-0.34,0.39,-0.17
479606427.0,2984.0,0.0,4.55,-2.86,0.99,0
479613443.0,7016.0,1.0,0.84,-0.34,0.38,-0.17
479616427.0,2984.0,0.0,4.37,-3.61,1.19,0
479623443.0,7016.0,1.0,0.85,-0.34,0.37,-0.18
479626427.0,2984.0,0.0,5.3,-3.8,0.79,0
479634443.0,8016.0,1.0,0.85,-0.34,0.36,-0.19
479637427.0,2984.0,0.0,4.28,-3.45,0.75,0
479643443.0,6016.0,1.0,0.85,-0.34,0.36,-0.19
479646427.0,2984.0,0.0,5.36,-3.7,0.64,0
479653443.0,7016.0,1.0,0.85,-0.34,0.35,-0.2
479656427.0,2984.0,0.0,3.88,-3.75,0.37,0
479663443.0,7016.0,1.0,0.85,-0.34,0.34,-0.2
479666427.0,2984.0,0.0,4.01,-3.33,1.41,0
479674443.0,8016.0,1.0,0.85,-0.34,0.34,-0.21
479677427.0,2984.0,0.0,4.68,-2.79,0.08,0
479687443.0,10016.0,1.0,0.85,-0.34,0.33,-0.22
479690427.0,2984.0,0.0,3.65,-2.69,-0.5,0
479694443.0,4016.0,1.0,0.85,-0.34,0.33,-0.22
479697427.0,2984.0,0.0,2.91,-2.62,0.15,0
479704443.0,7016.0,1.0,0.85,-0.34,0.33,-0.23
479707427.0,2984.0,0.0,2.31,-1.21,-0.34,0
479714443.0,7016.0,1.0,0.85,-0.34,0.33,-0.23
479717427.0,2984.0,0.0,0.95,0.07,-0.32,0
479723443.0,6016.0,1.0,0.85,-0.34,0.32,-0.23
479726427.0,2984.0,0.0,0.39,0.85,-1.31,0
479733443.0,7016.0,1.0,0.85,-0.34,0.32,-0.24
479737427.0,3984.0,0.0,0.56,0.7,-0.99,0
479744443.0,7016.0,1.0,0.85,-0.34,0.32,-0.24
479747427.0,2984.0,0.0,0.15,0.45,-0.75,0
479753443.0,6016.0,1.0,0.85,-0.34,0.31,-0.25
479756427.0,2984.0,0.0,0.82,-0.37,-0.74,0
479763443.0,7016.0,1.0,0.85,-0.34,0.31,-0.25
479766427.0,2984.0,0.0,1.74,-0.23,-0.96,0
479773443.0,7016.0,1.0,0.85,-0.35,0.3,-0.25
479776427.0,2984.0,0.0,2.15,-1.13,-0.26,0
479784443.0,8016.0,1.0,0.85,-0.35,0.3,-0.26
479787427.0,2984.0,0.0,2.66,-0.77,-1.24,0
479793443.0,6016.0,1.0,0.85,-0.35,0.3,-0.26
479796427.0,2984.0,0.0,2.44,-1.0,-0.45,0
479803443.0,7016.0,1.0,0.85,-0.35,0.29,-0.26
479806427.0,2984.0,0.0,2.23,-1.03,-0.31,0
479814443.0,8016.0,1.0,0.85,-0.35,0.29,-0.26
479817427.0,2984.0,0.0,1.86,-0.91,-0.1,0
479824443.0,7016.0,1.0,0.85,-0.35,0.29,-0.27
479827427.0,2984.0,0.0,1.42,-0.57,-0.64,0
479834443.0,7016.0,1.0,0.85,-0.35,0.29,-0.27
479837427.0,2984.0,0.0,0.7,-0.53,-0.68,0
479843443.0,6016.0,1.0,0.85,-0.36,0.28,-0.27
479846427.0,2984.0,0.0,1.03,-0.54,-0.84,0
479854443.0,8016.0,1.0,0.85,-0.36,0.28,-0.27
479857427.0,2984.0,0.0,0.43,-0.13,-0.91,0
479863443.0,6016.0,1.0,0.85,-0.36,0.28,-0.28
479866427.0,2984.0,0.0,0.41,-0.1,-0.76,0
479876443.0,10016.0,1.0,0.85,-0.36,0.28,-0.28
479879427.0,2984.0,0.0,0.57,-0.88,-0.46,0
479883443.0,4016.0,1.0,0.85,-0.36,0.27,-0.28
479886427.0,2984.0,0.0,0.96,-1.04,-0.14,0
479894443.0,8016.0,1.0,0.85,-0.36,0.27,-0.28
479897427.0,2984.0,0.0,1.05,-0.87,-0.44,0
479904443.0,7016.0,1.0,0.84,-0.37,0.27,-0.28
479907427.0,2984.0,0.0,1.64,-1.05,0.18,0
479914443.0,7016.0,1.0,0.84,-0.37,0.27,-0.28
479917427.0,2984.0,0.0,1.16,-0.46,-0.54,0
479923443.0,6016.0,1.0,0.84,-0.37,0.27,-0.29
479926427.0,2984.0,0.0,1.18,-0.72,0.39,0
479934443.0,8016.0,1.0,0.84,-0.37,0.27,-0.29
479937427.0,2984.0,0.0,1.57,-0.48,-0.21,0
479943443.0,6016.0,1.0,0.84,-0.37,0.26,-0.29
479946427.0,2984.0,0.0,1.74,-0.18,-0.38,0
479954443.0,8016.0,1.0,0.84,-0.37,0.26,-0.29
479957427.0,2984.0,0.0,1.14,-0.48,0.24,0
479963443.0,6016.0,1.0,0.84,-0.38,0.26,-0.29
479966427.0,2984.0,0.0,1.27,0.14,-1.0,0
479974443.0,8016.0,1.0,0.84,-0.38,0.26,-0.29
479977427.0,2984.0,0.0,0.61,-0.52,-0.55,0
479983443.0,6016.0,1.0,0.84,-0.38,0.26,-0.29
479986427.0,2984.0,0.0,0.39,0.05,-1.03,0
479993443.0,7016.0,1.0,0.84,-0.38,0.26,-0.29
479996427.0,2984.0,0.0,1.06,0.12,-0.58,0
480004443.0,8016.0,1.0,0.84,-0.38,0.26,-0.29
480007427.0,2984.0,0.0,0.93,0.49,-1.16,0
480014443.0,7016.0,1.0,0.84,-0.39,0.26,-0.29
480017427.0,2984.0,0.0,1.1,0.14,-0.29,0
480024443.0,7016.0,1.0,0.83,-0.39,0.26,-0.29
480027427.0,2984.0,0.0,1.51,-0.62,-0.77,0
480034443.0,7016.0,1.0,0.83,-0.39,0.26,-0.29
480037427.0,2984.0,0.0,1.56,-1.21,0.29,0
480044443.0,7016.0,1.0,0.83,-0.39,0.26,-0.29
480047427.0,2984.0,0.0,1.74,-0.91,-0.36,0
480054443.0,7016.0,1.0,0.83,-0.4,0.26,-0.29
480057427.0,2984.0,0.0,1.26,-1.31,-0.05,0
480064443.0,7016.0,1.0,0.83,-0.4,0.26,-0.3
480067427.0,2984.0,0.0,1.09,-0.43,-0.89,0
480074443.0,7016.0,1.0,0.83,-0.4,0.26,-0.3
480078427.0,3984.0,0.0,1.2,-0.25,-0.97,0
480084443.0,6016.0,1.0,0.83,-0.4,0.26,-0.3
480087427.0,2984.0,0.0,1.38,-0.08,-1.5,0
480094443.0,7016.0,1.0,0.83,-0.4,0.26,-0.3
480097427.0,2984.0,0.0,1.4,1.13,-0.92,0
480104443.0,7016.0,1.0,0.82,-0.41,0.26,-0.3
480107427.0,2984.0,0.0,1.36,0.97,-0.88,0
480114443.0,7016.0,1.0,0.82,-0.41,0.26,-0.29
480117427.0,2984.0,0.0,1.19,0.31,-0.77,0
480124443.0,7016.0,1.0,0.82,-0.41,0.26,-0.29
480127427.0,2984.0,0.0,1.02,-0.08,-0.39,0
480134443.0,7016.0,1.0,0.82,-0.42,0.25,-0.29
480137427.0,2984.0,0.0,0.31,1.0,-0.93,0
480144443.0,7016.0,1.0,0.82,-0.42,0.25,-0.29
480147427.0,2984.0,0.0,-0.16,0.77,-1.43,0
480154443.0,7016.0,1.0,0.82,-0.42,0.25,-0.29
480158427.0,3984.0,0.0,-0.76,0.72,-1.6,0
480164443.0,6016.0,1.0,0.82,-0.42,0.25,-0.29
480167427.0,2984.0,0.0,-0.94,0.96,-1.68,0
480173443.0,6016.0,1.0,0.82,-0.43,0.25,-0.29
480176427.0,2984.0,0.0,-1.46,1.62,-1.93,0
480188443.0,12016.0,1.0,0.82,-0.43,0.24,-0.29
480191427.0,2984.0,0.0,-2.01,0.79,-1.18,0
480195443.0,4016.0,1.0,0.82,-0.43,0.24,-0.29
480198427.0,2984.0,0.0,-3.18,1.26,-0.68,0
480204443.0,6016.0,1.0,0.82,-0.43,0.24,-0.29
480207427.0,2984.0,0.0,-3.17,1.32,-0.66,0
480214443.0,7016.0,1.0,0.82,-0.44,0.24,-0.29
480217427.0,2984.0,0.0,-3.45,1.37,1.12,0
480224443.0,7016.0,1.0,0.82,-0.44,0.23,-0.29
480227427.0,2984.0,0.0,-3.39,-0.37,2.06,0
480234443.0,7016.0,1.0,0.82,-0.44,0.23,-0.29
480237427.0,2984.0,0.0,-3.3,-1.08,1.81,0
480244443.0,7016.0,1.0,0.82,-0.45,0.23,-0.29
480247427.0,2984.0,0.0,-3.12,-1.25,2.15,0
480254443.0,7016.0,1.0,0.81,-0.45,0.23,-0.29
480257427.0,2984.0,0.0,-2.71,-1.61,1.46,0
480264443.0,7016.0,1.0,0.81,-0.45,0.22,-0.29
480267427.0,2984.0,0.0,-2.27,-1.41,1.05,0
480274443.0,7016.0,1.0,0.81,-0.46,0.22,-0.29
480277427.0,2984.0,0.0,-1.62,-0.64,0.67,0
480284443.0,7016.0,1.0,0.81,-0.46,0.22,-0.29
480287427.0,2984.0,0.0,-0.11,-1.04,-0.27,0
480294443.0,7016.0,1.0,0.81,-0.46,0.22,-0.29
480297427.0,2984.0,0.0,0.61,-1.14,-0.42,0
480304443.0,7016.0,1.0,0.81,-0.47,0.22,-0.29
480307427.0,2984.0,0.0,1.26,-1.24,-0.52,0
480314443.0,7016.0,1.0,0.81,-0.47,0.21,-0.28
480317427.0,2984.0,0.0,1.21,-0.95,-0.55,0
480324443.0,7016.0,1.0,0.81,-0.48,0.21,-0.28
480327427.0,2984.0,0.0,0.26,-0.44,-1.03,0
480334443.0,7016.0,1.0,0.8,-0.48,0.21,-0.28
480337427.0,2984.0,0.0,-0.07,-0.65,-1.01,0
480344443.0,7016.0,1.0,0.8,-0.48,0.21,-0.28
480347427.0,2984.0,0.0,-0.23,-0.98,-1.23,0
480354443.0,7016.0,1.0,0.8,-0.49,0.21,-0.28
480357427.0,2984.0,0.0,-0.51,-0.29,-1.86,0
480363443.0,6016.0,1.0,0.8,-0.49,0.21,-0.28
480366427.0,2984.0,0.0,-2.12,0.61,-2.5,0
480374443.0,8016.0,1.0,0.8,-0.49,0.21,-0.28
480377427.0,2984.0,0.0,-2.52,0.63,-2.36,0
480384443.0,7016.0,1.0,0.8,-0.5,0.21,-0.28
480387427.0,2984.0,0.0,-2.49,-0.45,-1.8,0
480394443.0,7016.0,1.0,0.79,-0.5,0.21,-0.28
480397427.0,2984.0,0.0,-2.0,-1.13,-1.27,0
480404443.0,7016.0,1.0,0.79,-0.5,0.21,-0.28
480407427.0,2984.0,0.0,-1.36,-1.72,-0.67,0
480414443.0,7016.0,1.0,0.79,-0.5,0.21,-0.28
480417427.0,2984.0,0.0,-1.22,-2.05,-0.52,0
480424443.0,7016.0,1.0,0.79,-0.51,0.21,-0.27
480427427.0,2984.0,0.0,-1.21,-1.96,0.52,0
480434443.0,7016.0,1.0,0.79,-0.51,0.22,-0.27
480437427.0,2984.0,0.0,-1.8,-2.12,0.17,0
480449443.0,12016.0,1.0,0.78,-0.51,0.22,-0.27
480453427.0,3984.0,0.0,-2.81,-0.81,0.33,0
480456443.0,3016.0,1.0,0.78,-0.51,0.23,-0.27
480459427.0,2984.0,0.0,-2.78,-0.88,0.41,0
480464443.0,5016.0,1.0,0.78,-0.52,0.23,-0.27
480467427.0,2984.0,0.0,-3.28,-1.58,0.08,0
480474443.0,7016.0,1.0,0.77,-0.52,0.24,-0.27
480477427.0,2984.0,0.0,-3.57,-0.59,-1.01,0
480483443.0,6016.0,1.0,0.77,-0.52,0.24,-0.27
480486427.0,2984.0,0.0,-3.5,-0.8,-1.39,0
480494443.0,8016.0,1.0,0.77,-0.52,0.25,-0.27
480498427.0,3984.0,0.0,-2.79,-1.26,-1.71,0
480504443.0,6016.0,1.0,0.77,-0.53,0.25,-0.27
480507427.0,2984.0,0.0,-1.76,-1.11,-1.61,0
480514443.0,7016.0,1.0,0.76,-0.53,0.26,-0.27
480517427.0,2984.0,0.0,-0.57,-0.2,-1.9,0
480524443.0,7016.0,1.0,0.76,-0.53,0.26,-0.27
480527427.0,2984.0,0.0,-0.15,0.3,-1.8,0
480534443.0,7016.0,1.0,0.76,-0.53,0.26,-0.27
480537427.0,2984.0,0.0,0.1,0.33,-2.21,0
480544443.0,7016.0,1.0,0.75,-0.54,0.27,-0.27
480547427.0,2984.0,0.0,0.13,0.58,-2.61,0
480554443.0,7016.0,1.0,0.75,-0.54,0.27,-0.27
480557427.0,2984.0,0.0,0.5,1.07,-3.18,0
480564443.0,7016.0,1.0,0.75,-0.54,0.27,-0.27
480567427.0,2984.0,0.0,0.48,1.31,-3.35,0
480574443.0,7016.0,1.0,0.74,-0.55,0.27,-0.27
480577427.0,2984.0,0.0,-0.03,1.43,-3.46,0
480584443.0,7016.0,1.0,0.74,-0.55,0.27,-0.27
480587427.0,2984.0,0.0,-0.39,1.8,-3.07,0
480594443.0,7016.0,1.0,0.74,-0.55,0.27,-0.27
480597427.0,2984.0,0.0,-0.71,0.78,-1.66,0
480604443.0,7016.0,1.0,0.74,-0.56,0.27,-0.27
480607427.0,2984.0,0.0,-0.92,0.34,-1.01,0
480614443.0,7016.0,1.0,0.74,-0.56,0.27,-0.27
480617427.0,2984.0,0.0,-0.86,-0.59,-0.66,0
480626443.0,9016.0,1.0,0.73,-0.56,0.27,-0.27
480629427.0,2984.0,0.0,-0.53,-0.71,-0.71,0
480636443.0,7016.0,1.0,0.73,-0.57,0.27,-0.26
480639427.0,2984.0,0.0,-0.52,-1.7,-0.82,0
480644443.0,5016.0,1.0,0.73,-0.57,0.28,-0.26
480647427.0,2984.0,0.0,-0.73,-1.11,-0.66,0
480654443.0,7016.0,1.0,0.73,-0.57,0.28,-0.26
480657427.0,2984.0,0.0,-1.06,-0.75,-0.77,0
480664443.0,7016.0,1.0,0.72,-0.57,0.28,-0.26
480667427.0,2984.0,0.0,-1.05,-0.98,-0.95,0
480674443.0,7016.0,1.0,0.72,-0.57,0.29,-0.26
480677427.0,2984.0,0.0,-0.78,-1.21,-0.75,0
480684443.0,7016.0,1.0,0.72,-0.58,0.29,-0.26
480687427.0,2984.0,0.0,-1.14,-0.75,-0.43,0
480694443.0,7016.0,1.0,0.72,-0.58,0.3,-0.26
480697427.0,2984.0,0.0,-1.13,-1.18,-0.42,0
480704443.0,7016.0,1.0,0.71,-0.58,0.3,-0.26
480707427.0,2984.0,0.0,-0.66,-1.1,-0.32,0
480714443.0,7016.0,1.0,0.71,-0.58,0.3,-0.25
480717427.0,2984.0,0.0,-0.5,-1.3,-0.28,0
480724443.0,7016.0,1.0,0.71,-0.58,0.31,-0.25
480727427.0,2984.0,0.0,-0.37,-1.53,-0.57,0
480734443.0,7016.0,1.0,0.7,-0.59,0.31,-0.25
480737427.0,2984.0,0.0,-0.33,-1.23,-0.67,0
480744443.0,7016.0,1.0,0.7,-0.59,0.31,-0.25
480747427.0,2984.0,0.0,-0.18,-0.34,-1.54,0
480754443.0,7016.0,1.0,0.7,-0.59,0.32,-0.25
480757427.0,2984.0,0.0,-0.29,0.32,-2.15,0
480764443.0,7016.0,1.0,0.7,-0.59,0.32,-0.25
480767427.0,2984.0,0.0,-0.54,1.02,-2.48,0
480774443.0,7016.0,1.0,0.69,-0.59,0.32,-0.25
480777427.0,2984.0,0.0,-0.58,1.16,-1.91,0
480784443.0,7016.0,1.0,0.69,-0.6,0.32,-0.24
480787427.0,2984.0,0.0,0.37,-2.07,0.46,0
480794443.0,7016.0,1.0,0.69,-0.6,0.33,-0.24
480797427.0,2984.0,0.0,-0.04,-1.09,0.66,0
480804443.0,7016.0,1.0,0.69,-0.6,0.33,-0.24
480807427.0,2984.0,0.0,-0.96,-0.1,0.43,0
480814443.0,7016.0,1.0,0.69,-0.6,0.33,-0.24
480817427.0,2984.0,0.0,-1.55,-0.05,0.25,0
480829443.0,12016.0,1.0,0.68,-0.61,0.33,-0.24
480833427.0,3984.0,0.0,-1.67,0.29,-0.06,0
480836443.0,3016.0,1.0,0.68,-0.61,0.33,-0.24
480839427.0,2984.0,0.0,-1.67,0.27,0.02,0
480844443.0,5016.0,1.0,0.68,-0.61,0.34,-0.24
480847427.0,2984.0,0.0,-2.05,0.56,-0.67,0
480854443.0,7016.0,1.0,0.68,-0.61,0.34,-0.24
480857427.0,2984.0,0.0,-2.21,0.89,-0.98,0
480864443.0,7016.0,1.0,0.67,-0.61,0.34,-0.24
480867427.0,2984.0,0.0,0.08,-0.54,-0.02,0
480874443.0,7016.0,1.0,0.67,-0.61,0.34,-0.23
480877427.0,2984.0,0.0,0.82,-1.02,0.64,0
480884443.0,7016.0,1.0,0.67,-0.62,0.35,-0.23
480887427.0,2984.0,0.0,1.12,-0.27,0.67,0
480894443.0,7016.0,1.0,0.67,-0.62,0.35,-0.23
480897427.0,2984.0,0.0,1.08,-0.63,0.1,0
480904443.0,7016.0,1.0,0.66,-0.62,0.35,-0.23
480907427.0,2984.0,0.0,0.61,-0.58,-0.63,0
480914443.0,7016.0,1.0,0.66,-0.62,0.35,-0.23
480918427.0,3984.0,0.0,0.07,0.71,-1.35,0
480924443.0,6016.0,1.0,0.66,-0.62,0.36,-0.23
480927427.0,2984.0,0.0,-0.39,1.11,-1.7,0
480934443.0,7016.0,1.0,0.66,-0.63,0.36,-0.22
480937427.0,2984.0,0.0,-0.4,-0.08,-1.51,0
480944443.0,7016.0,1.0,0.65,-0.63,0.36,-0.22
480947427.0,2984.0,0.0,-0.36,0.93,-1.39,0
480954443.0,7016.0,1.0,0.65,-0.63,0.36,-0.22
480957427.0,2984.0,0.0,-0.14,0.8,-1.14,0
480964443.0,7016.0,1.0,0.65,-0.63,0.36,-0.22
480967427.0,2984.0,0.0,0.08,0.33,-1.03,0
480974443.0,7016.0,1.0,0.65,-0.63,0.36,-0.22
480977427.0,2984.0,0.0,1.19,-0.08,-0.36,0
480984443.0,7016.0,1.0,0.65,-0.63,0.37,-0.22
480987427.0,2984.0,0.0,1.67,-0.06,-0.06,0
480994443.0,7016.0,1.0,0.64,-0.64,0.37,-0.21
480998427.0,3984.0,0.0,1.59,-0.41,0.16,0
481004443.0,6016.0,1.0,0.64,-0.64,0.37,-0.21
481007427.0,2984.0,0.0,1.16,-0.16,0.15,0
481014443.0,7016.0,1.0,0.64,-0.64,0.37,-0.21
481017427.0,2984.0,0.0,-0.04,0.51,-0.01,0
481024443.0,7016.0,1.0,0.64,-0.64,0.37,-0.21
481027427.0,2984.0,0.0,-0.86,0.18,-0.17,0
481034443.0,7016.0,1.0,0.64,-0.64,0.37,-0.21
481037427.0,2984.0,0.0,-1.18,0.7,-0.57,0
481044443.0,7016.0,1.0,0.63,-0.65,0.37,-0.2
481047427.0,2984.0,0.0,-1.03,0.75,-0.81,0
481054443.0,7016.0,1.0,0.63,-0.65,0.38,-0.2
481057427.0,2984.0,0.0,-0.51,0.39,-1.29,0
481064443.0,7016.0,1.0,0.63,-0.65,0.38,-0.2
481067427.0,2984.0,0.0,-0.02,0.09,-1.35,0
481074443.0,7016.0,1.0,0.63,-0.65,0.38,-0.2
481077427.0,2984.0,0.0,0.35,0.14,-0.7,0
481086443.0,9016.0,1.0,0.63,-0.65,0.38,-0.2
481089427.0,2984.0,0.0,0.56,-0.8,0.2,0
481097443.0,8016.0,1.0,0.62,-0.65,0.38,-0.2
481100427.0,2984.0,0.0,0.32,-0.91,0.41,0
481104443.0,4016.0,1.0,0.62,-0.65,0.39,-0.19
481107427.0,2984.0,0.0,-0.12,-0.51,0.28,0
481115443.0,8016.0,1.0,0.62,-0.65,0.39,-0.19
481118427.0,2984.0,0.0,-0.34,-0.85,0.16,0
481124443.0,6016.0,1.0,0.62,-0.66,0.39,-0.19
481127427.0,2984.0,0.0,0.07,-0.15,-0.35,0
481134443.0,7016.0,1.0,0.62,-0.66,0.39,-0.19
481137427.0,2984.0,0.0,0.29,0.4,-0.79,0
481144443.0,7016.0,1.0,0.61,-0.66,0.39,-0.19
481147427.0,2984.0,0.0,0.68,0.53,-0.91,0
481155443.0,8016.0,1.0,0.61,-0.66,0.4,-0.18
481158427.0,2984.0,0.0,0.95,0.7,-0.97,0
481164443.0,6016.0,1.0,0.61,-0.66,0.4,-0.18
481167427.0,2984.0,0.0,1.2,-0.17,-0.1,0
481174443.0,7016.0,1.0,0.61,-0.66,0.4,-0.18
481177427.0,2984.0,0.0,0.87,-0.04,0.08,0
481184443.0,7016.0,1.0,0.61,-0.66,0.4,-0.18
481187427.0,2984.0,0.0,0.39,0.74,0.14,0
481195443.0,8016.0,1.0,0.6,-0.67,0.4,-0.18
481198427.0,2984.0,0.0,-0.21,0.92,0.2,0
481204443.0,6016.0,1.0,0.6,-0.67,0.4,-0.17
481207427.0,2984.0,0.0,-0.34,0.39,-0.01,0
481214443.0,7016.0,1.0,0.6,-0.67,0.4,-0.17
481217427.0,2984.0,0.0,-0.17,0.29,0.2,0
481224443.0,7016.0,1.0,0.6,-0.67,0.41,-0.17
481227427.0,2984.0,0.0,-0.04,0.12,0.38,0
481235443.0,8016.0,1.0,0.6,-0.67,0.41,-0.17
481238427.0,2984.0,0.0,0.32,0.25,0.21,0
481244443.0,6016.0,1.0,0.59,-0.67,0.41,-0.16
481247427.0,2984.0,0.0,0.45,0.15,-0.08,0
481254443.0,7016.0,1.0,0.59,-0.67,0.41,-0.16
481257427.0,2984.0,0.0,0.39,-0.11,0.13,0
481265443.0,8016.0,1.0,0.59,-0.68,0.41,-0.16
481268427.0,2984.0,0.0,0.17,-0.3,0.39,0
481274443.0,6016.0,1.0,0.59,-0.68,0.41,-0.16
481277427.0,2984.0,0.0,-0.24,-0.52,0.88,0
481284443.0,7016.0,1.0,0.59,-0.68,0.42,-0.16
481287427.0,2984.0,0.0,-0.39,-0.29,0.93,0
481294443.0,7016.0,1.0,0.58,-0.68,0.42,-0.15
481297427.0,2984.0,0.0,-0.5,-0.32,0.77,0
481305443.0,8016.0,1.0,0.58,-0.68,0.42,-0.15
481308427.0,2984.0,0.0,-0.53,-0.21,0.34,0
481314443.0,6016.0,1.0,0.58,-0.68,0.42,-0.15
481317427.0,2984.0,0.0,0.17,-0.36,0.68,0
481324443.0,7016.0,1.0,0.58,-0.68,0.43,-0.15
481327427.0,2984.0,0.0,0.78,-0.95,0.91,0
481334443.0,7016.0,1.0,0.57,-0.68,0.43,-0.14
481338427.0,3984.0,0.0,0.63,-0.95,0.86,0
481344443.0,6016.0,1.0,0.57,-0.68,0.43,-0.14
481347427.0,2984.0,0.0,0.13,-0.3,0.55,0
481354443.0,7016.0,1.0,0.57,-0.68,0.44,-0.14
481357427.0,2984.0,0.0,-0.56,0.27,-0.34,0
481369443.0,12016.0,1.0,0.56,-0.69,0.44,-0.13
481373427.0,3984.0,0.0,-0.71,1.04,-1.21,0
481376443.0,3016.0,1.0,0.56,-0.69,0.44,-0.13
481379427.0,2984.0,0.0,-0.75,1.01,-1.14,0
481384443.0,5016.0,1.0,0.56,-0.69,0.44,-0.13
481387427.0,2984.0,0.0,-0.56,0.6,-0.81,0
481394443.0,7016.0,1.0,0.56,-0.69,0.45,-0.13
481397427.0,2984.0,0.0,-0.37,-0.43,0.63,0
481404443.0,7016.0,1.0,0.55,-0.69,0.45,-0.12
481407427.0,2984.0,0.0,-0.22,0.16,0.7,0
481414443.0,7016.0,1.0,0.55,-0.69,0.45,-0.12
481417427.0,2984.0,0.0,-0.41,0.93,0.43,0
481424443.0,7016.0,1.0,0.55,-0.69,0.45,-0.12
481427427.0,2984.0,0.0,-0.3,1.37,0.19,0
481434443.0,7016.0,1.0,0.55,-0.69,0.45,-0.12
481437427.0,2984.0,0.0,0.24,1.69,-0.34,0
481444443.0,7016.0,1.0,0.54,-0.7,0.46,-0.11
481447427.0,2984.0,0.0,0.27,2.14,-0.71,0
481455443.0,8016.0,1.0,0.54,-0.7,0.46,-0.11
481458427.0,2984.0,0.0,0.44,1.8,-0.77,0
481464443.0,6016.0,1.0,0.54,-0.7,0.46,-0.11
481467427.0,2984.0,0.0,0.43,1.29,-0.37,0
481474443.0,7016.0,1.0,0.54,-0.7,0.46,-0.11
481477427.0,2984.0,0.0,0.79,0.98,0.07,0
481484443.0,7016.0,1.0,0.53,-0.7,0.46,-0.1
481487427.0,2984.0,0.0,1.29,1.41,0.28,0
481495443.0,8016.0,1.0,0.53,-0.71,0.46,-0.1
481498427.0,2984.0,0.0,1.51,1.23,0.18,0
481504443.0,6016.0,1.0,0.53,-0.71,0.46,-0.09
481507427.0,2984.0,0.0,0.75,1.66,-0.42,0
481514443.0,7016.0,1.0,0.53,-0.71,0.46,-0.09
481517427.0,2984.0,0.0,0.17,1.86,-0.56,0
481524443.0,7016.0,1.0,0.53,-0.71,0.46,-0.09
481527427.0,2984.0,0.0,-0.9,4.12,-0.48,0
481535443.0,8016.0,1.0,0.53,-0.71,0.46,-0.08
481538427.0,2984.0,0.0,-0.64,-1.86,-2.04,0
481544443.0,6016.0,1.0,0.52,-0.72,0.46,-0.08
481547427.0,2984.0,0.0,-0.98,2.66,-1.5,0
481555443.0,8016.0,1.0,0.52,-0.72,0.46,-0.07
481558427.0,2984.0,0.0,-0.53,0.59,-1.12,0
481564443.0,6016.0,1.0,0.52,-0.72,0.46,-0.07
481567427.0,2984.0,0.0,-1.11,0.08,-0.73,0
481575443.0,8016.0,1.0,0.52,-0.72,0.46,-0.06
481578427.0,2984.0,0.0,-2.04,-0.43,-0.61,0
481590443.0,12016.0,1.0,0.52,-0.72,0.46,-0.06
481595427.0,4984.0,0.0,-4.73,0.85,-2.14,0
481598443.0,3016.0,1.0,0.52,-0.72,0.46,-0.05
481601427.0,2984.0,0.0,-4.69,-0.62,-2.18,0
481605443.0,4016.0,1.0,0.52,-0.72,0.46,-0.05
481608427.0,2984.0,0.0,-4.75,-0.69,-2.14,0
481615443.0,7016.0,1.0,0.51,-0.72,0.46,-0.05
481618427.0,2984.0,0.0,-5.15,0.44,-1.85,0
481624443.0,6016.0,1.0,0.51,-0.72,0.46,-0.04
481627427.0,2984.0,0.0,-6.46,-1.41,0.14,0
481635443.0,8016.0,1.0,0.51,-0.72,0.46,-0.03
481638427.0,2984.0,0.0,-7.41,-3.37,1.2,0
481644443.0,6016.0,1.0,0.51,-0.72,0.46,-0.03
481647427.0,2984.0,0.0,-8.23,-5.12,1.26,0
481655443.0,8016.0,1.0,0.51,-0.72,0.47,-0.02
481658427.0,2984.0,0.0,-10.04,-7.27,3.09,0
481664443.0,6016.0,1.0,0.51,-0.72,0.47,-0.02
481667427.0,2984.0,0.0,-17.64,-5.73,5.71,0
481675443.0,8016.0,1.0,0.5,-0.72,0.48,-0.01
481678427.0,2984.0,0.0,-21.96,-6.56,6.82,0
481685443.0,7016.0,1.0,0.5,-0.71,0.5,-0.01
481688427.0,2984.0,0.0,-25.91,-6.2,8.43,0
481695443.0,7016.0,1.0,0.49,-0.71,0.51,-0.02
481698427.0,2984.0,0.0,-32.03,-0.14,8.57,0
481710443.0,12016.0,1.0,0.48,-0.7,0.53,-0.02
481715427.0,4984.0,0.0,-36.11,8.11,4.57,0
481718443.0,3016.0,1.0,0.46,-0.69,0.56,-0.03
481721427.0,2984.0,0.0,-37.11,13.25,1.94,0
481725443.0,4016.0,1.0,0.45,-0.68,0.58,-0.04
481728427.0,2984.0,0.0,-37.28,13.3,2.2,0
481734443.0,6016.0,1.0,0.44,-0.67,0.6,-0.04
481737427.0,2984.0,0.0,-34.04,20.04,-7.59,0
481744443.0,7016.0,1.0,0.43,-0.66,0.62,-0.04
481747427.0,2984.0,0.0,-30.62,19.86,-13.38,0
481755443.0,8016.0,1.0,0.42,-0.65,0.63,-0.04
481759427.0,3984.0,0.0,-27.17,18.62,-16.6,0
481765443.0,6016.0,1.0,0.42,-0.63,0.65,-0.04
481768427.0,2984.0,0.0,-22.34,15.17,-22.78,0
481774443.0,6016.0,1.0,0.42,-0.62,0.66,-0.04
481777427.0,2984.0,0.0,-12.58,3.69,-23.0,0
481789443.0,12016.0,1.0,0.42,-0.61,0.67,-0.04
481792427.0,2984.0,0.0,-7.32,6.37,-21.03,0
481796443.0,4016.0,1.0,0.43,-0.59,0.68,-0.03
481799427.0,2984.0,0.0,3.47,5.52,-25.35,0
481805443.0,6016.0,1.0,0.46,-0.58,0.68,-0.02
481808427.0,2984.0,0.0,3.47,5.09,-25.7,0
481815443.0,7016.0,1.0,0.49,-0.56,0.67,-0.01
481818427.0,2984.0,0.0,20.59,-12.38,-21.75,0
481825443.0,7016.0,1.0,0.52,-0.54,0.66,0.0
481828427.0,2984.0,0.0,26.78,-18.02,-14.43,0
481835443.0,7016.0,1.0,0.55,-0.52,0.65,0.01
481838427.0,2984.0,0.0,30.7,-19.05,-7.73,0
481844443.0,6016.0,1.0,0.57,-0.51,0.65,0.01
481847427.0,2984.0,0.0,34.07,-15.23,-0.91,0
481857443.0,10016.0,1.0,0.59,-0.49,0.64,-0.0
481860427.0,2984.0,0.0,35.71,-6.98,2.87,0
481864443.0,4016.0,1.0,0.62,-0.47,0.63,-0.01
481867427.0,2984.0,0.0,34.74,-5.41,1.86,0
481875443.0,8016.0,1.0,0.64,-0.45,0.62,-0.02
481878427.0,2984.0,0.0,33.39,-6.43,-2.12,0
481885443.0,7016.0,1.0,0.67,-0.44,0.61,-0.03
481888427.0,2984.0,0.0,28.59,-6.89,-5.43,0
481895443.0,7016.0,1.0,0.69,-0.42,0.59,-0.04
481898427.0,2984.0,0.0,27.19,-6.64,-5.36,0
481907443.0,9016.0,1.0,0.71,-0.41,0.57,-0.05
481910427.0,2984.0,0.0,26.26,-7.31,-5.43,0
481917443.0,7016.0,1.0,0.73,-0.39,0.55,-0.06
481920427.0,2984.0,0.0,23.97,-9.72,-5.35,0
481925443.0,5016.0,1.0,0.75,-0.38,0.53,-0.07
481928427.0,2984.0,0.0,15.96,-15.11,-4.86,0
481934443.0,6016.0,1.0,0.77,-0.37,0.51,-0.08
481937427.0,2984.0,0.0,11.93,-15.4,-3.08,0
481949443.0,12016.0,1.0,0.78,-0.37,0.49,-0.1
481952427.0,2984.0,0.0,8.47,-14.74,-1.63,0
481956443.0,4016.0,1.0,0.79,-0.36,0.48,-0.11
481959427.0,2984.0,0.0,4.39,-13.21,1.47,0
481965443.0,6016.0,1.0,0.8,-0.35,0.46,-0.12
481968427.0,2984.0,0.0,4.16,-11.23,1.74,0
481975443.0,7016.0,1.0,0.81,-0.35,0.45,-0.14
481978427.0,2984.0,0.0,4.13,-9.69,2.18,0
481985443.0,7016.0,1.0,0.82,-0.34,0.44,-0.15
481988427.0,2984.0,0.0,3.87,-8.43,1.67,0
481995443.0,7016.0,1.0,0.82,-0.34,0.43,-0.16
481998427.0,2984.0,0.0,3.86,-8.42,2.05,0
482010443.0,12016.0,1.0,0.83,-0.34,0.42,-0.17
482014427.0,3984.0,0.0,5.58,-4.97,1.21,0
482017443.0,3016.0,1.0,0.83,-0.34,0.41,-0.18
482020427.0,2984.0,0.0,5.6,-4.78,1.02,0
482024443.0,4016.0,1.0,0.83,-0.33,0.4,-0.19
482027427.0,2984.0,0.0,5.86,-3.57,0.97,0
482035443.0,8016.0,1.0,0.84,-0.33,0.39,-0.2
482038427.0,2984.0,0.0,5.92,-2.87,0.67,0
482045443.0,7016.0,1.0,0.84,-0.33,0.38,-0.21
482048427.0,2984.0,0.0,5.72,-2.92,-0.21,0
482055443.0,7016.0,1.0,0.84,-0.33,0.37,-0.21
482058427.0,2984.0,0.0,5.39,-2.92,-0.07,0
482065443.0,7016.0,1.0,0.84,-0.33,0.36,-0.22
482068427.0,2984.0,0.0,5.34,-3.66,0.95,0
482075443.0,7016.0,1.0,0.84,-0.33,0.35,-0.23
482078427.0,2984.0,0.0,4.29,-3.41,1.69,0
482090443.0,12016.0,1.0,0.84,-0.34,0.35,-0.23
482094427.0,3984.0,0.0,3.54,-4.73,1.22,0
482097443.0,3016.0,1.0,0.85,-0.34,0.34,-0.24
482100427.0,2984.0,0.0,3.57,-4.57,1.15,0
482105443.0,5016.0,1.0,0.85,-0.34,0.33,-0.24
482108427.0,2984.0,0.0,3.14,-4.5,1.41,0
482115443.0,7016.0,1.0,0.85,-0.34,0.33,-0.25
482118427.0,2984.0,0.0,1.57,-4.52,0.11,0
482125443.0,7016.0,1.0,0.84,-0.34,0.32,-0.25
482128427.0,2984.0,0.0,1.03,-3.51,-0.33,0
482135443.0,7016.0,1.0,0.84,-0.35,0.32,-0.26
482139427.0,3984.0,0.0,0.93,-2.56,-0.21,0
482145443.0,6016.0,1.0,0.84,-0.35,0.32,-0.26
482148427.0,2984.0,0.0,1.01,-2.01,-0.35,0
482154443.0,6016.0,1.0,0.84,-0.35,0.32,-0.27
482157427.0,2984.0,0.0,0.9,-0.88,-1.1,0
482165443.0,8016.0,1.0,0.84,-0.36,0.31,-0.27
482168427.0,2984.0,0.0,0.83,-0.14,-1.3,0
482175443.0,7016.0,1.0,0.83,-0.36,0.31,-0.28
482178427.0,2984.0,0.0,0.79,0.14,-1.28,0
482185443.0,7016.0,1.0,0.83,-0.36,0.31,-0.28
482188427.0,2984.0,0.0,0.84,0.16,-1.11,0
482195443.0,7016.0,1.0,0.83,-0.36,0.31,-0.29
482198427.0,2984.0,0.0,0.99,0.41,-0.75,0
482205443.0,7016.0,1.0,0.83,-0.37,0.31,-0.29
482208427.0,2984.0,0.0,0.8,0.69,-0.65,0
482215443.0,7016.0,1.0,0.83,-0.37,0.3,-0.29
482218427.0,2984.0,0.0,0.57,0.62,-0.43,0
482227443.0,9016.0,1.0,0.83,-0.37,0.3,-0.29
482230427.0,2984.0,0.0,0.37,0.39,-0.52,0
482237443.0,7016.0,1.0,0.82,-0.38,0.3,-0.3
482240427.0,2984.0,0.0,-0.05,-0.26,-0.61,0
482245443.0,5016.0,1.0,0.82,-0.38,0.3,-0.3
482248427.0,2984.0,0.0,0.25,-0.09,-0.65,0
482255443.0,7016.0,1.0,0.82,-0.38,0.3,-0.3
482258427.0,2984.0,0.0,0.52,-0.57,-1.07,0
482265443.0,7016.0,1.0,0.82,-0.39,0.3,-0.3
482268427.0,2984.0,0.0,0.43,0.0,-1.22,0
482275443.0,7016.0,1.0,0.82,-0.39,0.3,-0.3
482278427.0,2984.0,0.0,0.16,0.45,-1.1,0
482285443.0,7016.0,1.0,0.82,-0.39,0.3,-0.3
482288427.0,2984.0,0.0,0.18,0.17,-1.09,0
482295443.0,7016.0,1.0,0.82,-0.39,0.3,-0.3
482298427.0,2984.0,0.0,0.16,-0.18,-0.89,0
482305443.0,7016.0,1.0,0.81,-0.4,0.3,-0.3
482308427.0,2984.0,0.0,0.34,-0.04,-0.02,0
482315443.0,7016.0,1.0,0.81,-0.4,0.3,-0.3
482318427.0,2984.0,0.0,0.02,-1.04,0.17,0
482325443.0,7016.0,1.0,0.81,-0.4,0.3,-0.3
482328427.0,2984.0,0.0,-0.19,1.74,0.18,0
482335443.0,7016.0,1.0,0.81,-0.41,0.3,-0.3
482338427.0,2984.0,0.0,-0.97,-1.04,-1.2,0
482345443.0,7016.0,1.0,0.81,-0.41,0.3,-0.3
482348427.0,2984.0,0.0,-1.26,1.41,-0.81,0
482355443.0,7016.0,1.0,0.81,-0.41,0.3,-0.3
482358427.0,2984.0,0.0,-1.66,0.28,-2.0,0
482365443.0,7016.0,1.0,0.81,-0.41,0.3,-0.3
482368427.0,2984.0,0.0,-1.41,0.19,-1.89,0
482375443.0,7016.0,1.0,0.81,-0.41,0.3,-0.3
482378427.0,2984.0,0.0,-1.35,0.66,-0.9,0
482384443.0,6016.0,1.0,0.81,-0.42,0.3,-0.3
482387427.0,2984.0,0.0,-1.73,-0.2,-0.26,0
482395443.0,8016.0,1.0,0.81,-0.42,0.3,-0.3
482398427.0,2984.0,0.0,-1.63,0.35,0.27,0
482405443.0,7016.0,1.0,0.8,-0.42,0.3,-0.3
482408427.0,2984.0,0.0,-1.58,0.59,0.53,0
482415443.0,7016.0,1.0,0.8,-0.42,0.29,-0.3
482418427.0,2984.0,0.0,-1.33,-0.08,0.52,0
482425443.0,7016.0,1.0,0.8,-0.42,0.29,-0.3
482428427.0,2984.0,0.0,-1.05,0.41,-0.68,0
482435443.0,7016.0,1.0,0.8,-0.43,0.29,-0.3
482439427.0,3984.0,0.0,-1.15,0.32,0.15,0
482445443.0,6016.0,1.0,0.8,-0.43,0.29,-0.3
482448427.0,2984.0,0.0,-1.13,-0.34,0.46,0
482455443.0,7016.0,1.0,0.8,-0.43,0.29,-0.3
482458427.0,2984.0,0.0,-1.11,-0.4,0.4,0
482465443.0,7016.0,1.0,0.8,-0.43,0.29,-0.3
482468427.0,2984.0,0.0,-1.36,0.08,0.63,0
482475443.0,7016.0,1.0,0.8,-0.43,0.29,-0.3
482479427.0,3984.0,0.0,-1.61,1.2,-0.71,0
482485443.0,6016.0,1.0,0.8,-0.44,0.29,-0.3
482488427.0,2984.0,0.0,-1.48,-3.17,-1.66,0
482495443.0,7016.0,1.0,0.8,-0.44,0.3,-0.3
482498427.0,2984.0,0.0,-0.96,0.59,-0.01,0
482505443.0,7016.0,1.0,0.79,-0.44,0.3,-0.3
482508427.0,2984.0,0.0,-0.79,-1.29,-1.11,0
482515443.0,7016.0,1.0,0.79,-0.44,0.3,-0.3
482519427.0,3984.0,0.0,0.31,-1.33,-0.19,0
482525443.0,6016.0,1.0,0.79,-0.44,0.3,-0.3
482528427.0,2984.0,0.0,0.63,-0.1,0.32,0
482535443.0,7016.0,1.0,0.79,-0.44,0.3,-0.3
482538427.0,2984.0,0.0,0.77,-0.97,-0.29,0
482545443.0,7016.0,1.0,0.79,-0.45,0.3,-0.3
482548427.0,2984.0,0.0,0.29,1.23,-0.82,0
482555443.0,7016.0,1.0,0.79,-0.45,0.3,-0.3
482559427.0,3984.0,0.0,0.62,-1.64,-2.57,0
482566443.0,7016.0,1.0,0.79,-0.45,0.3,-0.3
482569427.0,2984.0,0.0,0.14,-1.31,-2.14,0
482579443.0,10016.0,1.0,0.78,-0.45,0.3,-0.3
482582427.0,2984.0,0.0,-0.19,0.2,-1.57,0
482586443.0,4016.0,1.0,0.78,-0.46,0.3,-0.3
482589427.0,2984.0,0.0,-0.09,-1.82,-2.18,0
482595443.0,6016.0,1.0,0.78,-0.46,0.3,-0.3
482598427.0,2984.0,0.0,0.19,-1.08,-1.32,0
482605443.0,7016.0,1.0,0.78,-0.46,0.3,-0.3
482608427.0,2984.0,0.0,0.06,-1.07,-1.75,0
482615443.0,7016.0,1.0,0.78,-0.46,0.3,-0.29
482618427.0,2984.0,0.0,-0.92,0.59,-1.88,0
482625443.0,7016.0,1.0,0.78,-0.46,0.3,-0.29
482628427.0,2984.0,0.0,-0.78,0.37,-1.95,0
482635443.0,7016.0,1.0,0.78,-0.47,0.3,-0.29
482638427.0,2984.0,0.0,-0.65,-0.73,-0.86,0
482645443.0,7016.0,1.0,0.78,-0.47,0.3,-0.29
482648427.0,2984.0,0.0,-0.77,-0.3,-0.09,0
482655443.0,7016.0,1.0,0.77,-0.47,0.3,-0.29
482658427.0,2984.0,0.0,-1.22,0.37,0.42,0
482665443.0,7016.0,1.0,0.77,-0.47,0.3,-0.29
482668427.0,2984.0,0.0,-1.35,-0.2,0.48,0
482676443.0,8016.0,1.0,0.77,-0.48,0.3,-0.29
482679427.0,2984.0,0.0,-1.25,-1.42,0.49,0
482685443.0,6016.0,1.0,0.77,-0.48,0.31,-0.29
482688427.0,2984.0,0.0,-1.58,-0.54,-0.17,0
482695443.0,7016.0,1.0,0.77,-0.48,0.31,-0.29
482698427.0,2984.0,0.0,-1.86,0.39,-0.6,0
482705443.0,7016.0,1.0,0.77,-0.49,0.31,-0.29
482708427.0,2984.0,0.0,-1.87,0.73,-1.3,0
482715443.0,7016.0,1.0,0.76,-0.49,0.31,-0.29
482718427.0,2984.0,0.0,-1.42,1.05,-1.74,0
482725443.0,7016.0,1.0,0.76,-0.49,0.31,-0.29
482728427.0,2984.0,0.0,-1.21,1.09,-3.12,0
482735443.0,7016.0,1.0,0.76,-0.49,0.31,-0.29
482738427.0,2984.0,0.0,-1.11,3.49,-2.37,0
482745443.0,7016.0,1.0,0.76,-0.5,0.31,-0.29
482748427.0,2984.0,0.0,-2.19,2.84,-3.23,0
482755443.0,7016.0,1.0,0.76,-0.5,0.31,-0.29
482758427.0,2984.0,0.0,-1.51,3.51,-1.75,0
482765443.0,7016.0,1.0,0.76,-0.5,0.31,-0.28
482768427.0,2984.0,0.0,0.15,-1.02,-0.25,0
482775443.0,7016.0,1.0,0.75,-0.51,0.31,-0.28
482778427.0,2984.0,0.0,0.25,-0.27,-0.18,0
482785443.0,7016.0,1.0,0.75,-0.51,0.31,-0.28
482788427.0,2984.0,0.0,0.7,-0.46,-0.31,0
482795443.0,7016.0,1.0,0.75,-0.51,0.31,-0.28
482798427.0,2984.0,0.0,0.45,1.36,-0.86,0
482805443.0,7016.0,1.0,0.75,-0.52,0.31,-0.28
482808427.0,2984.0,0.0,-1.13,2.3,-1.25,0
482815443.0,7016.0,1.0,0.75,-0.52,0.31,-0.28
482818427.0,2984.0,0.0,-1.99,0.72,-2.46,0
482825443.0,7016.0,1.0,0.74,-0.52,0.31,-0.28
482828427.0,2984.0,0.0,-2.27,0.87,-2.55,0
482835443.0,7016.0,1.0,0.74,-0.53,0.3,-0.28
482838427.0,2984.0,0.0,-2.56,1.4,-1.95,0
482850443.0,12016.0,1.0,0.74,-0.53,0.3,-0.28
482854427.0,3984.0,0.0,-1.23,-0.44,-1.16,0
482857443.0,3016.0,1.0,0.74,-0.53,0.3,-0.28
482860427.0,2984.0,0.0,-1.21,-0.41,-1.11,0
482865443.0,5016.0,1.0,0.74,-0.54,0.3,-0.27
482868427.0,2984.0,0.0,-1.08,-0.22,-1.0,0
482875443.0,7016.0,1.0,0.74,-0.54,0.3,-0.27
482878427.0,2984.0,0.0,-1.36,-0.73,-0.82,0
482885443.0,7016.0,1.0,0.73,-0.54,0.3,-0.27
482888427.0,2984.0,0.0,-1.8,-0.71,-0.65,0
482895443.0,7016.0,1.0,0.73,-0.55,0.3,-0.27
482898427.0,2984.0,0.0,-2.2,-0.66,-0.53,0
482905443.0,7016.0,1.0,0.73,-0.55,0.3,-0.27
482908427.0,2984.0,0.0,-2.34,-0.72,-0.46,0
482915443.0,7016.0,1.0,0.73,-0.55,0.3,-0.27
482918427.0,2984.0,0.0,-1.67,-1.44,-0.35,0
482925443.0,7016.0,1.0,0.73,-0.56,0.3,-0.27
482928427.0,2984.0,0.0,-1.12,-1.32,-0.66,0
482935443.0,7016.0,1.0,0.72,-0.56,0.3,-0.27
482939427.0,3984.0,0.0,-0.64,-1.13,-0.78,0
482945443.0,6016.0,1.0,0.72,-0.56,0.31,-0.27
482948427.0,2984.0,0.0,-0.13,-1.39,-0.65,0
482955443.0,7016.0,1.0,0.72,-0.56,0.31,-0.27
482958427.0,2984.0,0.0,-0.5,-0.94,-1.08,0
482965443.0,7016.0,1.0,0.72,-0.57,0.31,-0.27
482968427.0,2984.0,0.0,-0.98,-0.84,-1.0,0
482975443.0,7016.0,1.0,0.71,-0.57,0.31,-0.27
482978427.0,2984.0,0.0,-1.0,-0.14,-0.91,0
482985443.0,7016.0,1.0,0.71,-0.57,0.31,-0.26
482988427.0,2984.0,0.0,-0.84,-0.24,-0.75,0
482996443.0,8016.0,1.0,0.71,-0.57,0.31,-0.26
482999427.0,2984.0,0.0,0.08,-1.25,-0.25,0
483005443.0,6016.0,1.0,0.71,-0.58,0.32,-0.26
483008427.0,2984.0,0.0,0.45,-1.11,-0.16,0
483015443.0,7016.0,1.0,0.7,-0.58,0.32,-0.26
483018427.0,2984.0,0.0,0.49,-0.96,-0.2,0
483025443.0,7016.0,1.0,0.7,-0.58,0.32,-0.26
483028427.0,2984.0,0.0,0.27,-1.22,-0.57,0
483035443.0,7016.0,1.0,0.7,-0.58,0.32,-0.26
483038427.0,2984.0,0.0,-0.95,-0.73,-0.87,0
483045443.0,7016.0,1.0,0.69,-0.59,0.33,-0.26
483048427.0,2984.0,0.0,-1.02,-1.12,-0.83,0
483056443.0,8016.0,1.0,0.69,-0.59,0.33,-0.26
483059427.0,2984.0,0.0,-0.94,-0.95,-0.87,0
483065443.0,6016.0,1.0,0.69,-0.59,0.33,-0.25
483068427.0,2984.0,0.0,-0.05,-0.49,-0.96,0
483075443.0,7016.0,1.0,0.69,-0.6,0.33,-0.25
483078427.0,2984.0,0.0,0.38,-0.55,-1.08,0
483090443.0,12016.0,1.0,0.69,-0.6,0.33,-0.25
483094427.0,3984.0,0.0,0.38,0.02,-1.24,0
483097443.0,3016.0,1.0,0.68,-0.6,0.33,-0.25
483100427.0,2984.0,0.0,0.42,-0.31,-1.34,0
483105443.0,5016.0,1.0,0.68,-0.6,0.33,-0.24
483108427.0,2984.0,0.0,0.42,-0.36,-1.03,0
483115443.0,7016.0,1.0,0.68,-0.61,0.34,-0.24
483118427.0,2984.0,0.0,0.23,-0.5,-0.84,0
483125443.0,7016.0,1.0,0.68,-0.61,0.34,-0.24
483128427.0,2984.0,0.0,0.15,-0.52,-0.85,0
483136443.0,8016.0,1.0,0.68,-0.61,0.34,-0.24
483139427.0,2984.0,0.0,0.5,-0.16,-0.65,0
483145443.0,6016.0,1.0,0.67,-0.61,0.34,-0.24
483148427.0,2984.0,0.0,0.64,-0.34,-0.39,0
483155443.0,7016.0,1.0,0.67,-0.61,0.34,-0.23
483158427.0,2984.0,0.0,0.41,-0.29,-0.41,0
483165443.0,7016.0,1.0,0.67,-0.62,0.34,-0.23
483168427.0,2984.0,0.0,-0.02,-0.28,-0.38,0
483176443.0,8016.0,1.0,0.67,-0.62,0.35,-0.23
483179427.0,2984.0,0.0,-0.48,-0.6,-0.65,0
483186443.0,7016.0,1.0,0.67,-0.62,0.35,-0.23
483189427.0,2984.0,0.0,-1.3,-0.4,-0.72,0
483195443.0,6016.0,1.0,0.66,-0.62,0.35,-0.22
483198427.0,2984.0,0.0,-1.04,-0.82,-0.43,0
483205443.0,7016.0,1.0,0.66,-0.62,0.35,-0.22
483208427.0,2984.0,0.0,-0.62,-1.04,-0.31,0
483216443.0,8016.0,1.0,0.66,-0.62,0.36,-0.22
483219427.0,2984.0,0.0,-0.52,-0.82,-0.23,0
483225443.0,6016.0,1.0,0.66,-0.63,0.36,-0.22
483228427.0,2984.0,0.0,-0.26,-0.52,-0.04,0
483235443.0,7016.0,1.0,0.66,-0.63,0.36,-0.21
483238427.0,2984.0,0.0,-0.05,-0.36,-0.12,0
483246443.0,8016.0,1.0,0.65,-0.63,0.36,-0.21
483249427.0,2984.0,0.0,-0.02,-0.93,0.07,0
483256443.0,7016.0,1.0,0.65,-0.63,0.37,-0.21
483259427.0,2984.0,0.0,-0.52,-0.43,-0.58,0
483265443.0,6016.0,1.0,0.65,-0.63,0.37,-0.21
483268427.0,2984.0,0.0,-1.0,-0.0,-0.58,0
483275443.0,7016.0,1.0,0.65,-0.63,0.37,-0.2
483279427.0,3984.0,0.0,-1.21,-0.15,-0.77,0
483286443.0,7016.0,1.0,0.64,-0.64,0.37,-0.2
483289427.0,2984.0,0.0,-1.18,0.43,-1.05,0
483296443.0,7016.0,1.0,0.64,-0.64,0.37,-0.2
483299427.0,2984.0,0.0,-0.39,0.09,-0.52,0
483305443.0,6016.0,1.0,0.64,-0.64,0.38,-0.2
483308427.0,2984.0,0.0,0.16,-0.29,0.31,0
483315443.0,7016.0,1.0,0.64,-0.64,0.38,-0.19
483319427.0,3984.0,0.0,0.46,-0.66,0.61,0
483326443.0,7016.0,1.0,0.64,-0.64,0.38,-0.19
483329427.0,2984.0,0.0,0.17,-0.46,0.77,0
483339443.0,10016.0,1.0,0.63,-0.64,0.38,-0.19
483342427.0,2984.0,0.0,0.12,-1.46,0.64,0
483346443.0,4016.0,1.0,0.63,-0.65,0.38,-0.19
483349427.0,2984.0,0.0,-0.1,-1.5,0.83,0
483356443.0,7016.0,1.0,0.63,-0.65,0.39,-0.18
483359427.0,2984.0,0.0,-0.26,-1.18,0.64,0
483366443.0,7016.0,1.0,0.63,-0.65,0.39,-0.18
483369427.0,2984.0,0.0,-0.51,-1.03,0.52,0
483375443.0,6016.0,1.0,0.63,-0.65,0.39,-0.18
483378427.0,2984.0,0.0,0.08,-0.84,-0.34,0
483385443.0,7016.0,1.0,0.62,-0.65,0.39,-0.17
483388427.0,2984.0,0.0,0.63,-0.68,-0.4,0
483396443.0,8016.0,1.0,0.62,-0.65,0.4,-0.17
483399427.0,2984.0,0.0,0.91,-1.03,-0.06,0
483406443.0,7016.0,1.0,0.62,-0.65,0.4,-0.17
483409427.0,2984.0,0.0,0.77,-1.26,0.1,0
483415443.0,6016.0,1.0,0.61,-0.66,0.4,-0.17
483418427.0,2984.0,0.0,-0.07,0.31,-0.32,0
483425443.0,7016.0,1.0,0.61,-0.66,0.41,-0.17
483428427.0,2984.0,0.0,-0.44,0.43,-0.62,0
483436443.0,8016.0,1.0,0.61,-0.66,0.41,-0.16
483439427.0,2984.0,0.0,-0.62,0.62,-1.04,0
483446443.0,7016.0,1.0,0.61,-0.66,0.41,-0.16
483449427.0,2984.0,0.0,-0.54,0.65,-1.39,0
483456443.0,7016.0,1.0,0.6,-0.66,0.42,-0.16
483459427.0,2984.0,0.0,0.5,-1.65,0.63,0
483465443.0,6016.0,1.0,0.6,-0.66,0.42,-0.16
483468427.0,2984.0,0.0,1.09,-1.64,1.13,0
483476443.0,8016.0,1.0,0.6,-0.66,0.42,-0.15
483479427.0,2984.0,0.0,1.06,-0.65,1.09,0
483486443.0,7016.0,1.0,0.6,-0.66,0.42,-0.15
483489427.0,2984.0,0.0,0.23,-0.34,0.25,0
483496443.0,7016.0,1.0,0.59,-0.67,0.43,-0.15
483499427.0,2984.0,0.0,0.11,-0.03,-0.22,0
483506443.0,7016.0,1.0,0.59,-0.67,0.43,-0.15
483509427.0,2984.0,0.0,-0.15,0.48,-0.56,0
483516443.0,7016.0,1.0,0.59,-0.67,0.43,-0.14
483519427.0,2984.0,0.0,-0.26,0.95,-0.68,0
483531443.0,12016.0,1.0,0.59,-0.67,0.43,-0.14
483536427.0,4984.0,0.0,0.52,-0.04,0.11,0
483539443.0,3016.0,1.0,0.58,-0.67,0.44,-0.14
483542427.0,2984.0,0.0,0.48,-0.07,0.18,0
483546443.0,4016.0,1.0,0.58,-0.67,0.44,-0.14
483549427.0,2984.0,0.0,0.67,-0.41,0.68,0
483556443.0,7016.0,1.0,0.58,-0.67,0.44,-0.13
483559427.0,2984.0,0.0,0.57,-0.2,0.87,0
483565443.0,6016.0,1.0,0.58,-0.67,0.44,-0.13
483568427.0,2984.0,0.0,-0.42,0.85,0.25,0
483575443.0,7016.0,1.0,0.57,-0.68,0.45,-0.13
483578427.0,2984.0,0.0,-0.5,0.98,-0.07,0
483586443.0,8016.0,1.0,0.57,-0.68,0.45,-0.13
483589427.0,2984.0,0.0,-0.11,1.14,-0.22,0
483596443.0,7016.0,1.0,0.57,-0.68,0.45,-0.12
483599427.0,2984.0,0.0,0.12,1.2,-0.58,0
483606443.0,7016.0,1.0,0.56,-0.68,0.45,-0.12
483609427.0,2984.0,0.0,-0.07,1.05,-0.47,0
483616443.0,7016.0,1.0,0.56,-0.68,0.45,-0.12
483620427.0,3984.0,0.0,-0.18,0.8,-0.13,0
483626443.0,6016.0,1.0,0.56,-0.68,0.45,-0.12
483629427.0,2984.0,0.0,-0.33,0.47,0.36,0
483636443.0,7016.0,1.0,0.56,-0.68,0.46,-0.12
483639427.0,2984.0,0.0,-0.44,0.72,0.5,0
483646443.0,7016.0,1.0,0.55,-0.69,0.46,-0.11
483649427.0,2984.0,0.0,0.02,0.66,0.53,0
483656443.0,7016.0,1.0,0.55,-0.69,0.46,-0.11
483659427.0,2984.0,0.0,0.33,0.29,0.71,0
483666443.0,7016.0,1.0,0.55,-0.69,0.46,-0.11
483669427.0,2984.0,0.0,0.64,0.25,0.58,0
483676443.0,7016.0,1.0,0.55,-0.69,0.46,-0.1
483679427.0,2984.0,0.0,0.62,0.03,0.37,0
483686443.0,7016.0,1.0,0.54,-0.69,0.46,-0.1
483689427.0,2984.0,0.0,0.24,0.24,0.28,0
483696443.0,7016.0,1.0,0.54,-0.69,0.46,-0.1
483699427.0,2984.0,0.0,-0.11,0.41,0.27,0
483706443.0,7016.0,1.0,0.54,-0.7,0.47,-0.09
483709427.0,2984.0,0.0,-0.3,-0.01,0.18,0
483715443.0,6016.0,1.0,0.54,-0.7,0.47,-0.09
483718427.0,2984.0,0.0,0.03,-0.07,0.52,0
483726443.0,8016.0,1.0,0.53,-0.7,0.47,-0.09
483729427.0,2984.0,0.0,0.29,-0.09,0.43,0
483736443.0,7016.0,1.0,0.53,-0.7,0.47,-0.09
483739427.0,2984.0,0.0,0.48,0.11,0.27,0
483748443.0,9016.0,1.0,0.53,-0.7,0.47,-0.08
483751427.0,2984.0,0.0,0.78,0.09,0.14,0
483758443.0,7016.0,1.0,0.52,-0.7,0.47,-0.08
483761427.0,2984.0,0.0,1.0,0.56,-0.4,0
483765443.0,4016.0,1.0,0.52,-0.7,0.48,-0.08
483768427.0,2984.0,0.0,0.96,0.31,-0.41,0
483776443.0,8016.0,1.0,0.52,-0.71,0.48,-0.08
483779427.0,2984.0,0.0,0.67,0.41,-0.15,0
483786443.0,7016.0,1.0,0.52,-0.71,0.48,-0.07
483789427.0,2984.0,0.0,0.39,0.61,0.1,0
483796443.0,7016.0,1.0,0.51,-0.71,0.48,-0.07
483799427.0,2984.0,0.0,0.04,0.43,0.2,0
483806443.0,7016.0,1.0,0.51,-0.71,0.48,-0.07
483809427.0,2984.0,0.0,-0.02,0.68,0.15,0
483816443.0,7016.0,1.0,0.51,-0.71,0.48,-0.06
483819427.0,2984.0,0.0,-0.11,0.53,0.13,0
483826443.0,7016.0,1.0,0.5,-0.71,0.48,-0.06
483829427.0,2984.0,0.0,-0.24,0.34,0.04,0
483836443.0,7016.0,1.0,0.5,-0.71,0.49,-0.06
483839427.0,2984.0,0.0,-0.37,0.02,-0.1,0
483846443.0,7016.0,1.0,0.5,-0.72,0.49,-0.05
483849427.0,2984.0,0.0,-0.2,-0.14,-0.14,0
483856443.0,7016.0,1.0,0.5,-0.72,0.49,-0.05
483859427.0,2984.0,0.0,-0.41,-0.21,0.11,0
483866443.0,7016.0,1.0,0.49,-0.72,0.49,-0.05
483869427.0,2984.0,0.0,-1.12,-0.0,0.06,0
483876443.0,7016.0,1.0,0.49,-0.72,0.49,-0.04
483879427.0,2984.0,0.0,-1.48,1.04,-0.15,0
483886443.0,7016.0,1.0,0.49,-0.72,0.49,-0.04
483889427.0,2984.0,0.0,-2.08,1.2,-0.77,0
483896443.0,7016.0,1.0,0.48,-0.72,0.5,-0.04
483899427.0,2984.0,0.0,-2.33,-0.06,-1.17,0
483906443.0,7016.0,1.0,0.48,-0.72,0.5,-0.04
483909427.0,2984.0,0.0,-3.08,1.68,-1.61,0
483916443.0,7016.0,1.0,0.48,-0.72,0.5,-0.03
483919427.0,2984.0,0.0,-3.41,1.61,-1.95,0
483926443.0,7016.0,1.0,0.47,-0.72,0.5,-0.03
483929427.0,2984.0,0.0,-3.35,1.82,-2.52,0
483936443.0,7016.0,1.0,0.47,-0.72,0.5,-0.02
483939427.0,2984.0,0.0,-3.72,1.12,-2.55,0
483951443.0,12016.0,1.0,0.47,-0.72,0.5,-0.02
483955427.0,3984.0,0.0,-6.11,-3.04,-1.3,0
483958443.0,3016.0,1.0,0.47,-0.72,0.51,-0.01
483961427.0,2984.0,0.0,-6.18,-3.12,-1.28,0
483965443.0,4016.0,1.0,0.47,-0.72,0.51,-0.01
483968427.0,2984.0,0.0,-7.78,-3.44,-0.54,0
483976443.0,8016.0,1.0,0.47,-0.72,0.51,-0.0
483979427.0,2984.0,0.0,-9.23,-3.64,0.48,0
483986443.0,7016.0,1.0,0.47,-0.72,0.52,0.0
483989427.0,2984.0,0.0,-11.16,-4.83,1.21,0
483996443.0,7016.0,1.0,0.46,-0.72,0.52,0.0
483999427.0,2984.0,0.0,-11.93,-4.89,1.96,0
484006443.0,7016.0,1.0,0.46,-0.71,0.53,0.01
484009427.0,2984.0,0.0,-12.72,-4.4,2.09,0
484016443.0,7016.0,1.0,0.45,-0.71,0.54,0.0
484019427.0,2984.0,0.0,-13.71,-4.41,2.96,0
484026443.0,7016.0,1.0,0.44,-0.7,0.56,0.0
484029427.0,2984.0,0.0,-15.79,-4.05,2.96,0
484036443.0,7016.0,1.0,0.43,-0.7,0.57,-0.0
484039427.0,2984.0,0.0,-16.56,-2.42,2.45,0
484046443.0,7016.0,1.0,0.42,-0.69,0.59,-0.01
484049427.0,2984.0,0.0,-17.31,0.3,1.34,0
484056443.0,7016.0,1.0,0.41,-0.68,0.61,-0.02
484059427.0,2984.0,0.0,-18.97,7.18,-1.07,0
484071443.0,12016.0,1.0,0.39,-0.67,0.62,-0.02
484075427.0,3984.0,0.0,-19.52,13.09,-5.3,0
484078443.0,3016.0,1.0,0.38,-0.66,0.64,-0.03
484081427.0,2984.0,0.0,-19.64,13.14,-5.15,0
484086443.0,5016.0,1.0,0.38,-0.65,0.66,-0.03
484089427.0,2984.0,0.0,-19.56,13.45,-6.16,0
484096443.0,7016.0,1.0,0.37,-0.64,0.67,-0.03
484099427.0,2984.0,0.0,-18.51,14.73,-9.3,0
484106443.0,7016.0,1.0,0.37,-0.63,0.68,-0.03
484109427.0,2984.0,0.0,-17.87,14.48,-12.09,0
484116443.0,7016.0,1.0,0.36,-0.62,0.7,-0.04
484119427.0,2984.0,0.0,-17.25,12.77,-15.42,0
484126443.0,7016.0,1.0,0.36,-0.61,0.71,-0.04
484129427.0,2984.0,0.0,-16.27,9.25,-17.41,0
484136443.0,7016.0,1.0,0.36,-0.6,0.72,-0.04
484139427.0,2984.0,0.0,-12.36,17.7,-17.8,0
484151443.0,12016.0,1.0,0.36,-0.58,0.73,-0.05
484155427.0,3984.0,0.0,-7.17,22.34,-20.47,0
484158443.0,3016.0,1.0,0.37,-0.57,0.73,-0.04
484161427.0,2984.0,0.0,-3.85,18.54,-22.79,0
484166443.0,5016.0,1.0,0.39,-0.56,0.73,-0.03
484169427.0,2984.0,0.0,-3.79,18.07,-23.12,0
484176443.0,7016.0,1.0,0.42,-0.54,0.72,-0.02
484179427.0,2984.0,0.0,7.45,1.25,-23.87,0
484186443.0,7016.0,1.0,0.46,-0.53,0.71,-0.01
484189427.0,2984.0,0.0,15.04,-6.88,-22.72,0
484196443.0,7016.0,1.0,0.5,-0.51,0.7,-0.0
484199427.0,2984.0,0.0,21.54,-10.31,-18.93,0
484208443.0,9016.0,1.0,0.54,-0.49,0.69,-0.0
484211427.0,2984.0,0.0,28.09,-10.7,-15.05,0
484218443.0,7016.0,1.0,0.57,-0.47,0.67,-0.0
484221427.0,2984.0,0.0,35.98,-8.63,-6.29,0
484226443.0,5016.0,1.0,0.6,-0.46,0.65,-0.01
484229427.0,2984.0,0.0,36.52,-9.21,-5.01,0
484236443.0,7016.0,1.0,0.64,-0.44,0.64,-0.02
484239427.0,2984.0,0.0,35.23,-10.03,-3.92,0
484248443.0,9016.0,1.0,0.66,-0.42,0.62,-0.03
484251427.0,2984.0,0.0,33.68,-13.1,-3.82,0
484258443.0,7016.0,1.0,0.69,-0.41,0.6,-0.04
484261427.0,2984.0,0.0,29.76,-15.68,-1.66,0
484266443.0,5016.0,1.0,0.71,-0.39,0.58,-0.05
484269427.0,2984.0,0.0,26.35,-16.21,-1.06,0
484276443.0,7016.0,1.0,0.73,-0.38,0.56,-0.07
484279427.0,2984.0,0.0,22.68,-15.97,-2.11,0
484286443.0,7016.0,1.0,0.75,-0.37,0.54,-0.08
484289427.0,2984.0,0.0,14.09,-13.95,-1.82,0
484296443.0,7016.0,1.0,0.77,-0.36,0.52,-0.09
484299427.0,2984.0,0.0,10.14,-12.89,-1.55,0
484308443.0,9016.0,1.0,0.78,-0.35,0.51,-0.11
484311427.0,2984.0,0.0,6.97,-12.84,-1.81,0
484318443.0,7016.0,1.0,0.8,-0.34,0.49,-0.12
484321427.0,2984.0,0.0,3.76,-13.03,-0.77,0
484326443.0,5016.0,1.0,0.81,-0.34,0.47,-0.13
484329427.0,2984.0,0.0,0.81,-11.31,1.81,0
484336443.0,7016.0,1.0,0.81,-0.33,0.45,-0.14
484339427.0,2984.0,0.0,0.59,-9.78,1.67,0
484348443.0,9016.0,1.0,0.82,-0.33,0.44,-0.15
484351427.0,2984.0,0.0,1.42,-8.08,0.7,0
484358443.0,7016.0,1.0,0.83,-0.33,0.43,-0.16
484361427.0,2984.0,0.0,2.49,-8.17,0.11,0
484365443.0,4016.0,1.0,0.83,-0.32,0.42,-0.17
484368427.0,2984.0,0.0,4.06,-7.79,-0.59,0
484376443.0,8016.0,1.0,0.84,-0.32,0.41,-0.18
484379427.0,2984.0,0.0,5.09,-7.33,-0.54,0
484386443.0,7016.0,1.0,0.84,-0.32,0.4,-0.19
484389427.0,2984.0,0.0,5.96,-6.51,-0.58,0
484396443.0,7016.0,1.0,0.84,-0.32,0.39,-0.2
484399427.0,2984.0,0.0,6.67,-5.08,-0.33,0
484406443.0,7016.0,1.0,0.84,-0.32,0.38,-0.2
484409427.0,2984.0,0.0,7.19,-3.64,0.07,0
484416443.0,7016.0,1.0,0.84,-0.32,0.37,-0.21
484419427.0,2984.0,0.0,7.55,-4.5,1.03,0
484426443.0,7016.0,1.0,0.85,-0.32,0.37,-0.22
484429427.0,2984.0,0.0,7.88,-3.96,-0.39,0
484436443.0,7016.0,1.0,0.85,-0.32,0.36,-0.22
484439427.0,2984.0,0.0,6.91,-3.77,0.74,0
484446443.0,7016.0,1.0,0.85,-0.32,0.35,-0.23
484449427.0,2984.0,0.0,5.06,-3.46,-0.38,0
484456443.0,7016.0,1.0,0.85,-0.32,0.34,-0.23
484460427.0,3984.0,0.0,4.54,-3.43,-0.79,0
484467443.0,7016.0,1.0,0.85,-0.33,0.34,-0.24
484470427.0,2984.0,0.0,3.92,-3.51,0.2,0
484477443.0,7016.0,1.0,0.85,-0.33,0.34,-0.24
484480427.0,2984.0,0.0,2.83,-2.52,0.02,0
484487443.0,7016.0,1.0,0.85,-0.33,0.33,-0.25
484490427.0,2984.0,0.0,2.25,-1.27,0.64,0
484496443.0,6016.0,1.0,0.85,-0.33,0.33,-0.25
484499427.0,2984.0,0.0,2.16,-0.95,1.39,0
484506443.0,7016.0,1.0,0.85,-0.33,0.32,-0.25
484509427.0,2984.0,0.0,2.12,-1.35,1.35,0
484516443.0,7016.0,1.0,0.85,-0.34,0.32,-0.25
484519427.0,2984.0,0.0,1.23,-2.03,0.82,0
484526443.0,7016.0,1.0,0.85,-0.34,0.32,-0.26
484529427.0,2984.0,0.0,1.54,-1.65,0.22,0
484536443.0,7016.0,1.0,0.84,-0.34,0.32,-0.26
484540427.0,3984.0,0.0,0.0,-0.4,-0.45,0
484546443.0,6016.0,1.0,0.84,-0.34,0.32,-0.26
484549427.0,2984.0,0.0,-0.15,1.03,0.34,0
484556443.0,7016.0,1.0,0.84,-0.35,0.32,-0.26
484559427.0,2984.0,0.0,0.12,-0.6,-0.27,0
484566443.0,7016.0,1.0,0.84,-0.35,0.32,-0.27
484569427.0,2984.0,0.0,0.15,-0.27,0.17,0
484576443.0,7016.0,1.0,0.84,-0.35,0.31,-0.27
484579427.0,2984.0,0.0,0.0,-0.1,-0.07,0
484586443.0,7016.0,1.0,0.84,-0.36,0.31,-0.27
484589427.0,2984.0,0.0,0.26,-0.37,-0.46,0
484596443.0,7016.0,1.0,0.84,-0.36,0.31,-0.27
484599427.0,2984.0,0.0,0.3,-0.13,-0.2,0
484606443.0,7016.0,1.0,0.84,-0.36,0.31,-0.27
484609427.0,2984.0,0.0,1.17,-1.34,-0.32,0
484616443.0,7016.0,1.0,0.83,-0.36,0.31,-0.27
484619427.0,2984.0,0.0,0.39,-0.82,-1.62,0
484626443.0,7016.0,1.0,0.83,-0.37,0.31,-0.27
484629427.0,2984.0,0.0,0.31,-0.47,-0.25,0
484636443.0,7016.0,1.0,0.83,-0.37,0.31,-0.28
484639427.0,2984.0,0.0,0.04,-0.87,-0.9,0
484646443.0,7016.0,1.0,0.83,-0.37,0.31,-0.28
484649427.0,2984.0,0.0,0.34,-0.76,-0.77,0
484657443.0,8016.0,1.0,0.83,-0.37,0.31,-0.28
484660427.0,2984.0,0.0,0.48,-1.05,-0.73,0
484666443.0,6016.0,1.0,0.83,-0.38,0.31,-0.28
484669427.0,2984.0,0.0,0.51,-0.49,-0.34,0
484676443.0,7016.0,1.0,0.82,-0.38,0.31,-0.28
484679427.0,2984.0,0.0,0.27,-0.05,-0.41,0
484686443.0,7016.0,1.0,0.82,-0.38,0.32,-0.28
484689427.0,2984.0,0.0,0.03,0.02,-0.4,0
484696443.0,7016.0,1.0,0.82,-0.38,0.31,-0.28
484699427.0,2984.0,0.0,-0.21,-0.07,-0.34,0
484711443.0,12016.0,1.0,0.82,-0.39,0.31,-0.28
484716427.0,4984.0,0.0,-0.37,-1.23,-0.68,0
484719443.0,3016.0,1.0,0.82,-0.39,0.31,-0.28
484722427.0,2984.0,0.0,-0.34,-1.2,-0.64,0
484726443.0,4016.0,1.0,0.82,-0.39,0.31,-0.28
484729427.0,2984.0,0.0,-0.39,-0.86,-0.45,0
484737443.0,8016.0,1.0,0.82,-0.4,0.31,-0.28
484740427.0,2984.0,0.0,-0.24,-0.69,-0.25,0
484746443.0,6016.0,1.0,0.81,-0.4,0.31,-0.28
484749427.0,2984.0,0.0,-0.3,-1.07,-0.4,0
484756443.0,7016.0,1.0,0.81,-0.4,0.31,-0.28
484759427.0,2984.0,0.0,-0.46,-1.2,-0.29,0
484766443.0,7016.0,1.0,0.81,-0.4,0.31,-0.28
484769427.0,2984.0,0.0,-0.32,-1.83,0.41,0
484777443.0,8016.0,1.0,0.81,-0.4,0.32,-0.28
484780427.0,2984.0,0.0,0.01,-1.21,-0.12,0
484786443.0,6016.0,1.0,0.81,-0.41,0.32,-0.29
484789427.0,2984.0,0.0,-0.58,-0.13,1.23,0
484796443.0,7016.0,1.0,0.81,-0.41,0.32,-0.29
484799427.0,2984.0,0.0,0.37,0.34,0.09,0
484806443.0,7016.0,1.0,0.8,-0.41,0.32,-0.29
484809427.0,2984.0,0.0,-0.72,-1.86,0.04,0
484817443.0,8016.0,1.0,0.8,-0.41,0.32,-0.29
484820427.0,2984.0,0.0,0.03,0.01,1.12,0
484826443.0,6016.0,1.0,0.8,-0.41,0.32,-0.29
484829427.0,2984.0,0.0,-0.48,-1.4,-0.39,0
484836443.0,7016.0,1.0,0.8,-0.42,0.32,-0.29
484839427.0,2984.0,0.0,0.4,0.03,0.62,0
484846443.0,7016.0,1.0,0.8,-0.42,0.33,-0.29
484849427.0,2984.0,0.0,0.11,0.5,-0.78,0
484856443.0,7016.0,1.0,0.79,-0.42,0.33,-0.29
484859427.0,2984.0,0.0,-0.31,1.09,-0.62,0
484866443.0,7016.0,1.0,0.79,-0.42,0.33,-0.29
484869427.0,2984.0,0.0,-0.33,0.46,-0.75,0
484876443.0,7016.0,1.0,0.79,-0.43,0.33,-0.29
484879427.0,2984.0,0.0,-0.27,-0.39,-0.9,0
484886443.0,7016.0,1.0,0.79,-0.43,0.33,-0.29
484889427.0,2984.0,0.0,-0.04,0.02,-0.78,0
484896443.0,7016.0,1.0,0.79,-0.43,0.33,-0.29
484899427.0,2984.0,0.0,0.14,-0.25,-0.99,0
484906443.0,7016.0,1.0,0.79,-0.44,0.33,-0.29
484909427.0,2984.0,0.0,0.29,-0.05,-1.02,0
484916443.0,7016.0,1.0,0.78,-0.44,0.32,-0.29
484919427.0,2984.0,0.0,0.48,0.06,-0.89,0
484926443.0,7016.0,1.0,0.78,-0.44,0.32,-0.29
484929427.0,2984.0,0.0,0.39,0.06,-0.8,0
484936443.0,7016.0,1.0,0.78,-0.45,0.32,-0.29
484939427.0,2984.0,0.0,3.05,1.18,-1.57,0
484946443.0,7016.0,1.0,0.78,-0.45,0.32,-0.29
484949427.0,2984.0,0.0,0.07,-1.09,-1.31,0
484956443.0,7016.0,1.0,0.78,-0.46,0.32,-0.29
484960427.0,3984.0,0.0,1.75,1.06,-1.26,0
484966443.0,6016.0,1.0,0.78,-0.46,0.32,-0.29
484969427.0,2984.0,0.0,-0.1,0.83,-0.94,0
484977443.0,8016.0,1.0,0.78,-0.46,0.32,-0.29
484980427.0,2984.0,0.0,-0.57,0.18,-0.26,0
484990443.0,10016.0,1.0,0.77,-0.47,0.32,-0.28
484993427.0,2984.0,0.0,-0.54,2.4,-2.85,0
485000443.0,7016.0,1.0,0.77,-0.47,0.32,-0.28
485003427.0,2984.0,0.0,-1.7,0.02,-1.84,0
485007443.0,4016.0,1.0,0.77,-0.47,0.32,-0.28
485010427.0,2984.0,0.0,-1.41,0.43,-0.97,0
485016443.0,6016.0,1.0,0.77,-0.48,0.32,-0.28
485019427.0,2984.0,0.0,-1.38,-0.77,-0.8,0
485026443.0,7016.0,1.0,0.77,-0.48,0.32,-0.28
485029427.0,2984.0,0.0,-1.17,-0.92,-0.65,0
485037443.0,8016.0,1.0,0.77,-0.48,0.32,-0.28
485040427.0,2984.0,0.0,-1.37,-0.43,-0.57,0
485046443.0,6016.0,1.0,0.76,-0.49,0.32,-0.28
485049427.0,2984.0,0.0,-1.93,0.79,-0.96,0
485056443.0,7016.0,1.0,0.76,-0.49,0.32,-0.27
485059427.0,2984.0,0.0,-1.97,0.4,-1.25,0
485066443.0,7016.0,1.0,0.76,-0.49,0.32,-0.27
485069427.0,2984.0,0.0,-1.8,-0.19,-1.83,0
485077443.0,8016.0,1.0,0.76,-0.5,0.32,-0.27
485080427.0,2984.0,0.0,-1.05,-0.39,-1.9,0
485086443.0,6016.0,1.0,0.76,-0.5,0.32,-0.27
485089427.0,2984.0,0.0,-0.0,-1.32,-2.32,0
485096443.0,7016.0,1.0,0.75,-0.5,0.33,-0.27
485099427.0,2984.0,0.0,0.29,-0.94,-2.44,0
485106443.0,7016.0,1.0,0.75,-0.51,0.33,-0.26
485109427.0,2984.0,0.0,-0.11,-0.15,-2.89,0
485117443.0,8016.0,1.0,0.75,-0.51,0.33,-0.26
485120427.0,2984.0,0.0,0.82,0.29,-2.42,0
485126443.0,6016.0,1.0,0.75,-0.51,0.33,-0.26
485129427.0,2984.0,0.0,-0.03,1.58,-2.64,0
485136443.0,7016.0,1.0,0.75,-0.51,0.34,-0.26
485139427.0,2984.0,0.0,-3.62,0.37,-3.75,0
485146443.0,7016.0,1.0,0.74,-0.52,0.34,-0.26
485149427.0,2984.0,0.0,-4.22,2.24,-2.98,0
485157443.0,8016.0,1.0,0.74,-0.52,0.34,-0.26
485160427.0,2984.0,0.0,-4.16,1.12,-3.66,0
485167443.0,7016.0,1.0,0.74,-0.52,0.34,-0.26
485170427.0,2984.0,0.0,-5.29,1.73,-2.98,0
485176443.0,6016.0,1.0,0.74,-0.53,0.34,-0.25
485179427.0,2984.0,0.0,-3.9,0.77,-2.38,0
485186443.0,7016.0,1.0,0.74,-0.53,0.34,-0.25
485189427.0,2984.0,0.0,-3.09,0.23,-1.46,0
485197443.0,8016.0,1.0,0.73,-0.53,0.34,-0.25
485200427.0,2984.0,0.0,-2.19,-0.49,-0.55,0
485206443.0,6016.0,1.0,0.73,-0.53,0.34,-0.25
485209427.0,2984.0,0.0,-1.33,-1.54,1.24,0
485216443.0,7016.0,1.0,0.73,-0.54,0.34,-0.25
485219427.0,2984.0,0.0,-1.89,-2.5,1.62,0
485227443.0,8016.0,1.0,0.73,-0.54,0.34,-0.24
485230427.0,2984.0,0.0,-2.41,-3.04,1.75,0
485237443.0,7016.0,1.0,0.73,-0.54,0.34,-0.24
485240427.0,2984.0,0.0,-3.66,-3.21,1.07,0
485252443.0,12016.0,1.0,0.72,-0.55,0.35,-0.24
485257427.0,4984.0,0.0,-3.35,-2.12,0.02,0
485260443.0,3016.0,1.0,0.72,-0.55,0.35,-0.24
485263427.0,2984.0,0.0,-2.61,-2.42,-0.42,0
485267443.0,4016.0,1.0,0.72,-0.55,0.36,-0.24
485270427.0,2984.0,0.0,-2.59,-2.46,-0.31,0
485277443.0,7016.0,1.0,0.71,-0.55,0.36,-0.24
485280427.0,2984.0,0.0,-0.86,-2.29,-0.77,0
485286443.0,6016.0,1.0,0.71,-0.55,0.36,-0.24
485289427.0,2984.0,0.0,-0.47,-1.91,-1.66,0
485297443.0,8016.0,1.0,0.71,-0.56,0.37,-0.24
485300427.0,2984.0,0.0,-0.08,-1.97,-2.24,0
485307443.0,7016.0,1.0,0.7,-0.56,0.37,-0.24
485310427.0,2984.0,0.0,0.23,-1.99,-2.74,0
485316443.0,6016.0,1.0,0.7,-0.56,0.38,-0.24
485319427.0,2984.0,0.0,1.12,-1.0,-3.44,0
485326443.0,7016.0,1.0,0.69,-0.56,0.38,-0.24
485329427.0,2984.0,0.0,1.78,-1.08,-3.34,0
485337443.0,8016.0,1.0,0.69,-0.57,0.38,-0.23
485340427.0,2984.0,0.0,2.48,-0.57,-3.16,0
485347443.0,7016.0,1.0,0.69,-0.57,0.38,-0.23
485350427.0,2984.0,0.0,3.18,-0.33,-2.84,0
485357443.0,7016.0,1.0,0.69,-0.57,0.38,-0.23
485360427.0,2984.0,0.0,3.07,-0.08,-2.52,0
485366443.0,6016.0,1.0,0.68,-0.58,0.38,-0.23
485369427.0,2984.0,0.0,1.67,0.32,-2.41,0
485377443.0,8016.0,1.0,0.68,-0.58,0.38,-0.23
485380427.0,2984.0,0.0,-0.09,0.54,-1.84,0
485387443.0,7016.0,1.0,0.68,-0.58,0.38,-0.23
485390427.0,2984.0,0.0,-1.3,0.52,-1.03,0
485397443.0,7016.0,1.0,0.68,-0.59,0.38,-0.22
485400427.0,2984.0,0.0,-1.38,0.76,-1.35,0
485406443.0,6016.0,1.0,0.68,-0.59,0.38,-0.22
485409427.0,2984.0,0.0,-0.72,0.47,-1.28,0
485417443.0,8016.0,1.0,0.67,-0.59,0.38,-0.22
485420427.0,2984.0,0.0,0.62,-0.56,-1.1,0
485426443.0,6016.0,1.0,0.67,-0.6,0.38,-0.22
485429427.0,2984.0,0.0,1.46,-0.6,-0.77,0
485439443.0,10016.0,1.0,0.67,-0.6,0.38,-0.22
485442427.0,2984.0,0.0,0.93,-0.46,-0.27,0
485446443.0,4016.0,1.0,0.67,-0.6,0.38,-0.21
485449427.0,2984.0,0.0,0.15,-0.81,-0.07,0
485457443.0,8016.0,1.0,0.67,-0.61,0.38,-0.21
485460427.0,2984.0,0.0,-0.77,-0.14,-0.1,0
485467443.0,7016.0,1.0,0.66,-0.61,0.38,-0.21
485470427.0,2984.0,0.0,-1.77,-0.14,-0.64,0
485477443.0,7016.0,1.0,0.66,-0.61,0.38,-0.21
485480427.0,2984.0,0.0,-1.47,-0.8,-0.52,0
485487443.0,7016.0,1.0,0.66,-0.61,0.39,-0.2
485490427.0,2984.0,0.0,-1.37,-1.14,-0.44,0
485497443.0,7016.0,1.0,0.66,-0.61,0.39,-0.2
485500427.0,2984.0,0.0,-1.54,-0.93,-0.36,0
485506443.0,6016.0,1.0,0.65,-0.62,0.39,-0.2
485509427.0,2984.0,0.0,-2.08,-0.37,-0.28,0
485517443.0,8016.0,1.0,0.65,-0.62,0.39,-0.2
485520427.0,2984.0,0.0,-1.64,0.34,0.05,0
485527443.0,7016.0,1.0,0.65,-0.62,0.4,-0.2
485530427.0,2984.0,0.0,-1.04,0.31,0.1,0
485537443.0,7016.0,1.0,0.64,-0.62,0.4,-0.19
485540427.0,2984.0,0.0,-0.55,0.1,-0.19,0
485546443.0,6016.0,1.0,0.64,-0.62,0.4,-0.19
485549427.0,2984.0,0.0,0.05,0.27,-1.37,0
485556443.0,7016.0,1.0,0.64,-0.63,0.4,-0.19
485559427.0,2984.0,0.0,0.03,0.41,-1.43,0
485567443.0,8016.0,1.0,0.64,-0.63,0.41,-0.19
485570427.0,2984.0,0.0,-0.18,0.45,-1.19,0
485577443.0,7016.0,1.0,0.63,-0.63,0.41,-0.19
485580427.0,2984.0,0.0,-0.5,0.17,-1.06,0
485587443.0,7016.0,1.0,0.63,-0.63,0.41,-0.18
485590427.0,2984.0,0.0,-1.36,1.06,-1.78,0
485597443.0,7016.0,1.0,0.63,-0.63,0.41,-0.18
485600427.0,2984.0,0.0,-1.88,1.35,-1.58,0
485607443.0,7016.0,1.0,0.63,-0.64,0.41,-0.18
485610427.0,2984.0,0.0,-1.09,0.59,-0.9,0
485617443.0,7016.0,1.0,0.62,-0.64,0.42,-0.18
485620427.0,2984.0,0.0,0.42,0.11,-0.17,0
485627443.0,7016.0,1.0,0.62,-0.64,0.42,-0.18
485630427.0,2984.0,0.0,1.66,-0.18,0.48,0
485637443.0,7016.0,1.0,0.62,-0.64,0.42,-0.17
485641427.0,3984.0,0.0,1.45,0.13,0.27,0
485648443.0,7016.0,1.0,0.62,-0.64,0.42,-0.17
485651427.0,2984.0,0.0,0.73,0.14,0.07,0
485658443.0,7016.0,1.0,0.61,-0.64,0.43,-0.17
485661427.0,2984.0,0.0,0.05,0.08,-0.57,0
485668443.0,7016.0,1.0,0.61,-0.65,0.43,-0.16
485671427.0,2984.0,0.0,-1.05,0.61,-0.61,0
485676443.0,5016.0,1.0,0.61,-0.65,0.43,-0.16
485680427.0,3984.0,0.0,-0.84,0.13,-0.38,0
485687443.0,7016.0,1.0,0.6,-0.65,0.43,-0.16
485690427.0,2984.0,0.0,-0.11,-0.02,-0.3,0
485697443.0,7016.0,1.0,0.6,-0.65,0.43,-0.16
485700427.0,2984.0,0.0,0.55,0.14,-0.07,0
485707443.0,7016.0,1.0,0.6,-0.65,0.44,-0.15
485710427.0,2984.0,0.0,0.83,-0.08,-0.06,0
485717443.0,7016.0,1.0,0.6,-0.65,0.44,-0.15
485720427.0,2984.0,0.0,1.18,-0.02,-0.07,0
485727443.0,7016.0,1.0,0.59,-0.66,0.44,-0.15
485730427.0,2984.0,0.0,0.93,-0.09,0.49,0
485736443.0,6016.0,1.0,0.59,-0.66,0.44,-0.15
485739427.0,2984.0,0.0,0.36,-0.23,1.15,0
485747443.0,8016.0,1.0,0.59,-0.66,0.44,-0.14
485750427.0,2984.0,0.0,0.52,-0.26,0.69,0
485757443.0,7016.0,1.0,0.59,-0.66,0.45,-0.14
485760427.0,2984.0,0.0,0.29,0.13,0.54,0
485767443.0,7016.0,1.0,0.58,-0.66,0.45,-0.14
485770427.0,2984.0,0.0,-0.01,-0.07,0.05,0
485777443.0,7016.0,1.0,0.58,-0.66,0.45,-0.14
485780427.0,2984.0,0.0,-0.32,0.98,-0.72,0
485787443.0,7016.0,1.0,0.58,-0.67,0.45,-0.13
485790427.0,2984.0,0.0,-0.65,1.26,-0.91,0
485797443.0,7016.0,1.0,0.58,-0.67,0.45,-0.13
485800427.0,2984.0,0.0,-0.88,0.89,-0.98,0
485807443.0,7016.0,1.0,0.57,-0.67,0.45,-0.13
485810427.0,2984.0,0.0,-0.99,0.45,-0.76,0
485817443.0,7016.0,1.0,0.57,-0.67,0.46,-0.12
485820427.0,2984.0,0.0,-0.8,0.33,0.31,0
485827443.0,7016.0,1.0,0.57,-0.67,0.46,-0.12
485830427.0,2984.0,0.0,-0.49,0.43,0.34,0
485837443.0,7016.0,1.0,0.56,-0.68,0.46,-0.12
485840427.0,2984.0,0.0,0.16,0.91,0.29,0
485849443.0,9016.0,1.0,0.56,-0.68,0.46,-0.12
485852427.0,2984.0,0.0,0.78,0.15,0.71,0
485859443.0,7016.0,1.0,0.56,-0.68,0.46,-0.11
485862427.0,2984.0,0.0,1.96,0.93,0.55,0
485867443.0,5016.0,1.0,0.56,-0.68,0.46,-0.11
485870427.0,2984.0,0.0,1.99,1.55,-0.1,0
485877443.0,7016.0,1.0,0.55,-0.68,0.46,-0.11
485880427.0,2984.0,0.0,1.95,1.32,-0.61,0
485887443.0,7016.0,1.0,0.55,-0.68,0.47,-0.1
485890427.0,2984.0,0.0,1.68,0.16,-0.47,0
485897443.0,7016.0,1.0,0.55,-0.69,0.47,-0.1
485900427.0,2984.0,0.0,1.2,-0.15,-0.44,0
485907443.0,7016.0,1.0,0.55,-0.69,0.47,-0.09
485910427.0,2984.0,0.0,0.58,0.34,-0.2,0
485917443.0,7016.0,1.0,0.55,-0.69,0.47,-0.09
485920427.0,2984.0,0.0,0.23,0.08,0.52,0
485926443.0,6016.0,1.0,0.54,-0.69,0.47,-0.09
485929427.0,2984.0,0.0,0.52,-0.8,1.0,0
485937443.0,8016.0,1.0,0.54,-0.69,0.47,-0.08
485940427.0,2984.0,0.0,0.28,-1.08,0.84,0
485947443.0,7016.0,1.0,0.54,-0.69,0.47,-0.08
485950427.0,2984.0,0.0,-0.39,-0.66,0.83,0
485957443.0,7016.0,1.0,0.53,-0.69,0.48,-0.08
485960427.0,2984.0,0.0,-1.06,-0.43,0.75,0
485967443.0,7016.0,1.0,0.53,-0.7,0.48,-0.07
485970427.0,2984.0,0.0,-1.34,-0.66,0.39,0
485977443.0,7016.0,1.0,0.53,-0.7,0.48,-0.07
485980427.0,2984.0,0.0,-1.25,-1.12,-0.22,0
485987443.0,7016.0,1.0,0.53,-0.7,0.48,-0.06
485990427.0,2984.0,0.0,-1.08,-0.88,-0.2,0
485997443.0,7016.0,1.0,0.52,-0.7,0.48,-0.06
486000427.0,2984.0,0.0,-1.25,0.42,-0.17,0
486007443.0,7016.0,1.0,0.52,-0.7,0.49,-0.06
486010427.0,2984.0,0.0,-1.03,-0.56,0.32,0
486017443.0,7016.0,1.0,0.52,-0.7,0.49,-0.06
486020427.0,2984.0,0.0,-0.86,-0.44,0.82,0
486027443.0,7016.0,1.0,0.51,-0.7,0.49,-0.05
486030427.0,2984.0,0.0,-0.65,-0.08,1.34,0
486037443.0,7016.0,1.0,0.51,-0.71,0.49,-0.05
486040427.0,2984.0,0.0,-0.48,-0.44,1.0,0
486047443.0,7016.0,1.0,0.51,-0.71,0.49,-0.05
486050427.0,2984.0,0.0,-0.77,0.58,0.84,0
486057443.0,7016.0,1.0,0.5,-0.71,0.49,-0.04
486061427.0,3984.0,0.0,-0.63,0.68,-0.16,0
486067443.0,6016.0,1.0,0.5,-0.71,0.49,-0.04
486070427.0,2984.0,0.0,-0.43,0.77,-0.7,0
486080443.0,10016.0,1.0,0.5,-0.71,0.5,-0.04
486083427.0,2984.0,0.0,-0.24,2.1,-1.29,0
486087443.0,4016.0,1.0,0.49,-0.71,0.5,-0.04
486090427.0,2984.0,0.0,0.16,1.55,-0.95,0
486097443.0,7016.0,1.0,0.49,-0.72,0.5,-0.03
486101427.0,3984.0,0.0,0.87,0.5,0.17,0
486107443.0,6016.0,1.0,0.49,-0.72,0.5,-0.03
486110427.0,2984.0,0.0,1.48,-0.41,0.77,0
486117443.0,7016.0,1.0,0.48,-0.72,0.5,-0.03
486120427.0,2984.0,0.0,1.16,-0.28,1.09,0
486127443.0,7016.0,1.0,0.48,-0.72,0.5,-0.02
486130427.0,2984.0,0.0,0.6,-0.14,0.69,0
486137443.0,7016.0,1.0,0.48,-0.72,0.5,-0.02
486140427.0,2984.0,0.0,-0.02,-0.23,0.29,0
486147443.0,7016.0,1.0,0.47,-0.73,0.5,-0.02
486150427.0,2984.0,0.0,-0.73,-0.28,-0.43,0
486157443.0,7016.0,1.0,0.47,-0.73,0.5,-0.01
486160427.0,2984.0,0.0,-2.81,1.43,-1.79,0
486167443.0,7016.0,1.0,0.47,-0.73,0.5,-0.01
486170427.0,2984.0,0.0,-3.59,0.27,-2.31,0
486177443.0,7016.0,1.0,0.47,-0.73,0.5,-0.01
486180427.0,2984.0,0.0,-4.14,-0.14,-2.8,0
486187443.0,7016.0,1.0,0.46,-0.73,0.5,-0.0
486190427.0,2984.0,0.0,-4.72,0.52,-2.2,0
486197443.0,7016.0,1.0,0.46,-0.73,0.5,0.0
486200427.0,2984.0,0.0,-4.28,-1.27,-0.67,0
486207443.0,7016.0,1.0,0.46,-0.74,0.5,0.01
486210427.0,2984.0,0.0,-4.29,-1.97,0.21,0
486217443.0,7016.0,1.0,0.46,-0.74,0.5,0.01
486220427.0,2984.0,0.0,-4.89,-2.06,0.93,0
486227443.0,7016.0,1.0,0.46,-0.74,0.5,0.01
486230427.0,2984.0,0.0,-6.67,-2.39,1.66,0
486237443.0,7016.0,1.0,0.45,-0.74,0.5,0.02
486240427.0,2984.0,0.0,-7.85,-2.05,1.99,0
486247443.0,7016.0,1.0,0.45,-0.74,0.51,0.02
486250427.0,2984.0,0.0,-8.86,-2.05,1.89,0
486257443.0,7016.0,1.0,0.45,-0.74,0.51,0.02
486260427.0,2984.0,0.0,-9.93,-2.09,1.31,0
486272443.0,12016.0,1.0,0.44,-0.73,0.52,0.02
486277427.0,4984.0,0.0,-10.76,-5.1,1.43,0
486280443.0,3016.0,1.0,0.43,-0.73,0.53,0.02
486283427.0,2984.0,0.0,-10.87,-5.11,1.54,0
486287443.0,4016.0,1.0,0.42,-0.73,0.54,0.02
486290427.0,2984.0,0.0,-12.58,-3.98,1.3,0
486297443.0,7016.0,1.0,0.41,-0.72,0.56,0.02
486300427.0,2984.0,0.0,-14.6,-3.59,1.98,0
486307443.0,7016.0,1.0,0.4,-0.72,0.57,0.01
486310427.0,2984.0,0.0,-20.83,3.39,1.35,0
486317443.0,7016.0,1.0,0.39,-0.71,0.59,0.0
486320427.0,2984.0,0.0,-23.63,7.14,0.14,0
486329443.0,9016.0,1.0,0.38,-0.7,0.61,-0.0
486332427.0,2984.0,0.0,-25.61,10.72,-1.09,0
486339443.0,7016.0,1.0,0.36,-0.69,0.63,-0.01
486342427.0,2984.0,0.0,-26.41,12.6,-2.31,0
486347443.0,5016.0,1.0,0.35,-0.68,0.65,-0.01
486350427.0,2984.0,0.0,-24.54,14.23,-6.88,0
486357443.0,7016.0,1.0,0.34,-0.67,0.66,-0.02
486360427.0,2984.0,0.0,-23.78,15.09,-11.04,0
486367443.0,7016.0,1.0,0.33,-0.65,0.68,-0.02
486370427.0,2984.0,0.0,-23.57,15.52,-13.42,0
486377443.0,7016.0,1.0,0.33,-0.64,0.69,-0.03
486380427.0,2984.0,0.0,-22.03,14.71,-15.63,0
486392443.0,12016.0,1.0,0.32,-0.63,0.71,-0.03
486396427.0,3984.0,0.0,-16.32,20.56,-19.94,0
486399443.0,3016.0,1.0,0.32,-0.62,0.72,-0.04
486402427.0,2984.0,0.0,-16.34,20.58,-19.89,0
486407443.0,5016.0,1.0,0.32,-0.6,0.73,-0.04
486410427.0,2984.0,0.0,-14.44,24.04,-20.42,0
486417443.0,7016.0,1.0,0.34,-0.59,0.73,-0.03
486420427.0,2984.0,0.0,-7.06,14.57,-24.64,0
486427443.0,7016.0,1.0,0.37,-0.57,0.73,-0.02
486430427.0,2984.0,0.0,-1.59,4.53,-27.15,0
486437443.0,7016.0,1.0,0.41,-0.56,0.72,-0.0
486440427.0,2984.0,0.0,4.03,-4.99,-27.63,0
486449443.0,9016.0,1.0,0.46,-0.54,0.71,0.01
486452427.0,2984.0,0.0,9.36,-10.36,-26.0,0
486460443.0,8016.0,1.0,0.5,-0.52,0.69,0.02
486463427.0,2984.0,0.0,19.42,-16.03,-22.84,0
486467443.0,4016.0,1.0,0.54,-0.5,0.68,0.02
486470427.0,2984.0,0.0,25.02,-18.23,-19.33,0
486477443.0,7016.0,1.0,0.58,-0.48,0.66,0.02
486480427.0,2984.0,0.0,30.95,-18.36,-14.69,0
486489443.0,9016.0,1.0,0.61,-0.46,0.65,0.01
486492427.0,2984.0,0.0,34.72,-15.96,-10.33,0
486500443.0,8016.0,1.0,0.64,-0.44,0.63,0.01
486503427.0,2984.0,0.0,32.47,-10.16,-5.64,0
486507443.0,4016.0,1.0,0.67,-0.42,0.62,-0.0
486510427.0,2984.0,0.0,28.9,-9.38,-3.67,0
486517443.0,7016.0,1.0,0.69,-0.4,0.6,-0.01
486520427.0,2984.0,0.0,25.34,-9.97,-2.75,0
486527443.0,7016.0,1.0,0.72,-0.38,0.58,-0.02
486530427.0,2984.0,0.0,21.91,-11.5,-3.04,0
486537443.0,7016.0,1.0,0.74,-0.37,0.56,-0.03
486540427.0,2984.0,0.0,15.32,-14.82,-4.82,0
486552443.0,12016.0,1.0,0.76,-0.36,0.54,-0.04
486556427.0,3984.0,0.0,10.01,-14.04,-3.93,0
486559443.0,3016.0,1.0,0.78,-0.35,0.52,-0.05
486562427.0,2984.0,0.0,8.12,-13.77,-2.96,0
486567443.0,5016.0,1.0,0.79,-0.34,0.51,-0.06
486570427.0,2984.0,0.0,8.16,-13.6,-3.43,0
486577443.0,7016.0,1.0,0.8,-0.33,0.49,-0.07
486580427.0,2984.0,0.0,5.52,-13.23,-0.82,0
486587443.0,7016.0,1.0,0.81,-0.32,0.48,-0.09
486590427.0,2984.0,0.0,5.36,-12.3,0.32,0
486597443.0,7016.0,1.0,0.82,-0.32,0.47,-0.1
486600427.0,2984.0,0.0,4.93,-11.18,0.78,0
486607443.0,7016.0,1.0,0.82,-0.31,0.46,-0.11
486610427.0,2984.0,0.0,4.8,-10.1,0.25,0
486617443.0,7016.0,1.0,0.83,-0.31,0.45,-0.12
486620427.0,2984.0,0.0,5.27,-7.49,-1.43,0
486632443.0,12016.0,1.0,0.83,-0.3,0.44,-0.13
486636427.0,3984.0,0.0,6.02,-6.4,-1.61,0
486639443.0,3016.0,1.0,0.84,-0.3,0.44,-0.14
486642427.0,2984.0,0.0,5.93,-5.37,-1.28,0
486647443.0,5016.0,1.0,0.84,-0.3,0.43,-0.15
486650427.0,2984.0,0.0,6.12,-4.51,-0.79,0
486657443.0,7016.0,1.0,0.84,-0.29,0.42,-0.15
486660427.0,2984.0,0.0,6.06,-4.01,-0.83,0
486667443.0,7016.0,1.0,0.84,-0.29,0.42,-0.16
486670427.0,2984.0,0.0,5.96,-3.82,-0.41,0
486678443.0,8016.0,1.0,0.85,-0.29,0.41,-0.17
486681427.0,2984.0,0.0,5.51,-2.87,-0.71,0
486687443.0,6016.0,1.0,0.85,-0.29,0.41,-0.18
486690427.0,2984.0,0.0,3.87,-2.12,-0.57,0
486697443.0,7016.0,1.0,0.85,-0.28,0.4,-0.18
486700427.0,2984.0,0.0,3.3,-2.43,-1.06,0
486707443.0,7016.0,1.0,0.85,-0.28,0.4,-0.19
486710427.0,2984.0,0.0,2.78,-2.82,-0.62,0
486718443.0,8016.0,1.0,0.85,-0.28,0.39,-0.19
486721427.0,2984.0,0.0,2.9,-2.86,-0.48,0
486733443.0,12016.0,1.0,0.86,-0.28,0.39,-0.2
486737443.0,4000.0,1.0,0.86,-0.28,0.38,-0.2
486740427.0,2984.0,0.0,2.88,-2.28,-0.16,0
486747443.0,7016.0,1.0,0.86,-0.28,0.38,-0.21
486750427.0,2984.0,0.0,2.82,-2.07,0.13,0
486758443.0,8016.0,1.0,0.86,-0.28,0.37,-0.21
486761427.0,2984.0,0.0,2.92,-2.1,-0.57,0
486767443.0,6016.0,1.0,0.86,-0.28,0.37,-0.21
486770427.0,2984.0,0.0,2.48,-2.62,-0.54,0
486777443.0,7016.0,1.0,0.86,-0.29,0.37,-0.22
486780427.0,2984.0,0.0,2.43,-2.99,-0.89,0
486787443.0,7016.0,1.0,0.86,-0.29,0.36,-0.22
486790427.0,2984.0,0.0,1.88,-2.57,-0.91,0
486798443.0,8016.0,1.0,0.86,-0.29,0.36,-0.22
486801427.0,2984.0,0.0,1.33,-1.89,-0.75,0
486807443.0,6016.0,1.0,0.86,-0.29,0.36,-0.23
486810427.0,2984.0,0.0,0.74,-1.45,-0.37,0
486817443.0,7016.0,1.0,0.86,-0.29,0.36,-0.23
486820427.0,2984.0,0.0,0.66,-1.3,-0.29,0
486828443.0,8016.0,1.0,0.86,-0.29,0.36,-0.23
486831427.0,2984.0,0.0,0.38,-1.14,-0.29,0
486837443.0,6016.0,1.0,0.86,-0.29,0.35,-0.23
486840427.0,2984.0,0.0,-0.13,-0.94,-0.39,0
486847443.0,7016.0,1.0,0.86,-0.29,0.35,-0.24
486850427.0,2984.0,0.0,-0.22,-0.51,-0.49,0
486857443.0,7016.0,1.0,0.85,-0.3,0.35,-0.24
486861427.0,3984.0,0.0,-0.11,-0.25,-0.52,0
486868443.0,7016.0,1.0,0.85,-0.3,0.35,-0.24
486871427.0,2984.0,0.0,0.29,-0.03,-0.57,0
486877443.0,6016.0,1.0,0.85,-0.3,0.35,-0.24
486880427.0,2984.0,0.0,1.13,-0.49,-0.98,0
486887443.0,7016.0,1.0,0.85,-0.3,0.35,-0.25
486890427.0,2984.0,0.0,1.0,-0.79,-0.62,0
486897443.0,7016.0,1.0,0.85,-0.3,0.35,-0.25
486901427.0,3984.0,0.0,0.88,-0.87,-0.72,0
486907443.0,6016.0,1.0,0.85,-0.3,0.35,-0.25
486910427.0,2984.0,0.0,0.59,-0.76,-0.59,0
486917443.0,7016.0,1.0,0.85,-0.31,0.35,-0.25
486920427.0,2984.0,0.0,-0.23,0.07,-0.37,0
486927443.0,7016.0,1.0,0.85,-0.31,0.35,-0.25
486930427.0,2984.0,0.0,-0.67,0.44,-0.47,0
486938443.0,8016.0,1.0,0.85,-0.31,0.35,-0.25
486941427.0,2984.0,0.0,-1.04,0.54,-0.42,0
486947443.0,6016.0,1.0,0.85,-0.31,0.35,-0.26
486950427.0,2984.0,0.0,-1.44,0.57,-0.22,0
486958443.0,8016.0,1.0,0.85,-0.31,0.35,-0.26
486961427.0,2984.0,0.0,-1.93,-0.13,-0.17,0
486967443.0,6016.0,1.0,0.85,-0.31,0.35,-0.26
486970427.0,2984.0,0.0,-2.18,-0.36,0.03,0
486977443.0,7016.0,1.0,0.84,-0.31,0.35,-0.26
486980427.0,2984.0,0.0,-2.13,0.24,-0.18,0
486989443.0,9016.0,1.0,0.84,-0.31,0.35,-0.26
486992427.0,2984.0,0.0,-2.0,0.4,-0.31,0
487000443.0,8016.0,1.0,0.84,-0.31,0.35,-0.26
487003427.0,2984.0,0.0,-1.53,0.75,-0.14,0
487007443.0,4016.0,1.0,0.84,-0.31,0.35,-0.26
487010427.0,2984.0,0.0,-1.13,0.23,-0.17,0
487018443.0,8016.0,1.0,0.84,-0.32,0.35,-0.26
487021427.0,2984.0,0.0,-0.82,-0.21,-0.24,0
487028443.0,7016.0,1.0,0.84,-0.32,0.35,-0.26
487031427.0,2984.0,0.0,-0.58,-0.34,-0.13,0
487037443.0,6016.0,1.0,0.84,-0.32,0.35,-0.26
487040427.0,2984.0,0.0,-0.73,-0.7,-0.08,0
487047443.0,7016.0,1.0,0.84,-0.32,0.35,-0.26
487050427.0,2984.0,0.0,-0.8,-0.61,0.04,0
487058443.0,8016.0,1.0,0.84,-0.32,0.35,-0.26
487061427.0,2984.0,0.0,-0.9,-0.51,0.16,0
487067443.0,6016.0,1.0,0.84,-0.32,0.35,-0.26
487070427.0,2984.0,0.0,-1.24,-0.04,0.02,0
487078443.0,8016.0,1.0,0.84,-0.32,0.35,-0.26
487081427.0,2984.0,0.0,-1.27,0.09,0.04,0
487087443.0,6016.0,1.0,0.84,-0.32,0.35,-0.26
487090427.0,2984.0,0.0,-1.37,0.36,-0.18,0
487098443.0,8016.0,1.0,0.84,-0.32,0.35,-0.27
487101427.0,2984.0,0.0,-1.36,0.41,-0.28,0
487107443.0,6016.0,1.0,0.84,-0.32,0.35,-0.27
487110427.0,2984.0,0.0,-1.0,0.33,-0.46,0
487117443.0,7016.0,1.0,0.84,-0.32,0.35,-0.27
487120427.0,2984.0,0.0,-0.77,0.23,-0.41,0
487128443.0,8016.0,1.0,0.84,-0.32,0.35,-0.27
487131427.0,2984.0,0.0,-0.6,0.36,-0.32,0
487138443.0,7016.0,1.0,0.84,-0.32,0.35,-0.27
487141427.0,2984.0,0.0,-0.56,0.44,-0.27,0
487148443.0,7016.0,1.0,0.84,-0.32,0.35,-0.27
487151427.0,2984.0,0.0,-0.51,0.34,-0.26,0
487158443.0,7016.0,1.0,0.84,-0.32,0.35,-0.27
487162427.0,3984.0,0.0,-0.39,0.31,-0.06,0
487167443.0,5016.0,1.0,0.84,-0.32,0.35,-0.27
487170427.0,2984.0,0.0,-0.04,-0.02,0.14,0
487178443.0,8016.0,1.0,0.84,-0.32,0.35,-0.27
